Workbook

Sheet Chart_selective
A1: Ref | C1: "" | D1: Supporting word 1 | E1: Kanji | F1: Supporting word 2 | G1: Meaning
A2: 1 | C2: =VLOOKUP($A2,Final_manabou_kanji_select[[Sr no.]:[Title]],3,0) -> Burmese Favourite | D2: =VLOOKUP($A2,Final_manabou_kanji_select[],MATCH(D$1,Final_manabou_kanji_select[#Headers],0),0) | E2: =VLOOKUP($A2,Final_manabou_kanji_select[],MATCH(E$1,Final_manabou_kanji_select[#Headers],0),0) -> မုန့်ဟင်းခါး | F2: =VLOOKUP($A2,Final_manabou_kanji_select[],MATCH(F$1,Final_manabou_kanji_select[#Headers],0),0) | G2: =IFERROR(VLOOKUP($A2,Final_manabou_kanji_select[],7,0)&", "&VLOOKUP($A2,Final_manabou_kanji_select[],8,0),"")
A3: 2 | C3: =VLOOKUP($A3,Final_manabou_kanji_select[[Sr no.]:[Title]],3,0) -> Burmese Favourite | D3: =VLOOKUP($A3,Final_manabou_kanji_select[],MATCH(D$1,Final_manabou_kanji_select[#Headers],0),0) | E3: =VLOOKUP($A3,Final_manabou_kanji_select[],MATCH(E$1,Final_manabou_kanji_select[#Headers],0),0) -> ဘူးသီးကြော် | F3: =VLOOKUP($A3,Final_manabou_kanji_select[],MATCH(F$1,Final_manabou_kanji_select[#Headers],0),0) | G3: =IFERROR(VLOOKUP($A3,Final_manabou_kanji_select[],7,0)&", "&VLOOKUP($A3,Final_manabou_kanji_select[],8,0),"")
A4: 3 | C4: =VLOOKUP($A4,Final_manabou_kanji_select[[Sr no.]:[Title]],3,0) -> Burmese Favourite | D4: =VLOOKUP($A4,Final_manabou_kanji_select[],MATCH(D$1,Final_manabou_kanji_select[#Headers],0),0) | E4: =VLOOKUP($A4,Final_manabou_kanji_select[],MATCH(E$1,Final_manabou_kanji_select[#Headers],0),0) -> ပဲကက်ကြော် | F4: =VLOOKUP($A4,Final_manabou_kanji_select[],MATCH(F$1,Final_manabou_kanji_select[#Headers],0),0) | G4: =IFERROR(VLOOKUP($A4,Final_manabou_kanji_select[],7,0)&", "&VLOOKUP($A4,Final_manabou_kanji_select[],8,0),"")
A5: 4 | C5: =VLOOKUP($A5,Final_manabou_kanji_select[[Sr no.]:[Title]],3,0) -> Burmese Favourite | D5: =VLOOKUP($A5,Final_manabou_kanji_select[],MATCH(D$1,Final_manabou_kanji_select[#Headers],0),0) | E5: =VLOOKUP($A5,Final_manabou_kanji_select[],MATCH(E$1,Final_manabou_kanji_select[#Headers],0),0) -> ပုစွန်ကက်ကြော် | F5: =VLOOKUP($A5,Final_manabou_kanji_select[],MATCH(F$1,Final_manabou_kanji_select[#Headers],0),0) | G5: =IFERROR(VLOOKUP($A5,Final_manabou_kanji_select[],7,0)&", "&VLOOKUP($A5,Final_manabou_kanji_select[],8,0),"")
A6: 5 | C6: =VLOOKUP($A6,Final_manabou_kanji_select[[Sr no.]:[Title]],3,0) -> Burmese Favourite | D6: =VLOOKUP($A6,Final_manabou_kanji_select[],MATCH(D$1,Final_manabou_kanji_select[#Headers],0),0) | E6: =VLOOKUP($A6,Final_manabou_kanji_select[],MATCH(E$1,Final_manabou_kanji_select[#Headers],0),0) -> ကြက်သွန်ကြော် | F6: =VLOOKUP($A6,Final_manabou_kanji_select[],MATCH(F$1,Final_manabou_kanji_select[#Headers],0),0) | G6: =IFERROR(VLOOKUP($A6,Final_manabou_kanji_select[],7,0)&", "&VLOOKUP($A6,Final_manabou_kanji_select[],8,0),"")
A7: 6 | C7: =VLOOKUP($A7,Final_manabou_kanji_select[[Sr no.]:[Title]],3,0) -> Burmese Favourite | D7: =VLOOKUP($A7,Final_manabou_kanji_select[],MATCH(D$1,Final_manabou_kanji_select[#Headers],0),0) | E7: =VLOOKUP($A7,Final_manabou_kanji_select[],MATCH(E$1,Final_manabou_kanji_select[#Headers],0),0) -> ငါးဖယ်ကြော် | F7: =VLOOKUP($A7,Final_manabou_kanji_select[],MATCH(F$1,Final_manabou_kanji_select[#Headers],0),0) | G7: =IFERROR(VLOOKUP($A7,Final_manabou_kanji_select[],7,0)&", "&VLOOKUP($A7,Final_manabou_kanji_select[],8,0),"")
A8: 7 | C8: =VLOOKUP($A8,Final_manabou_kanji_select[[Sr no.]:[Title]],3,0) -> Burmese Favourite | D8: =VLOOKUP($A8,Final_manabou_kanji_select[],MATCH(D$1,Final_manabou_kanji_select[#Headers],0),0) | E8: =VLOOKUP($A8,Final_manabou_kanji_select[],MATCH(E$1,Final_manabou_kanji_select[#Headers],0),0) -> ဘဲဥပြုတ် | F8: =VLOOKUP($A8,Final_manabou_kanji_select[],MATCH(F$1,Final_manabou_kanji_select[#Headers],0),0) | G8: =IFERROR(VLOOKUP($A8,Final_manabou_kanji_select[],7,0)&", "&VLOOKUP($A8,Final_manabou_kanji_select[],8,0),"") -> , Boiled Duck Egg
A9: 8 | C9: =VLOOKUP($A9,Final_manabou_kanji_select[[Sr no.]:[Title]],3,0) -> Burmese Favourite | D9: =VLOOKUP($A9,Final_manabou_kanji_select[],MATCH(D$1,Final_manabou_kanji_select[#Headers],0),0) | E9: =VLOOKUP($A9,Final_manabou_kanji_select[],MATCH(E$1,Final_manabou_kanji_select[#Headers],0),0) -> နံနံပင် | F9: =VLOOKUP($A9,Final_manabou_kanji_select[],MATCH(F$1,Final_manabou_kanji_select[#Headers],0),0) | G9: =IFERROR(VLOOKUP($A9,Final_manabou_kanji_select[],7,0)&", "&VLOOKUP($A9,Final_manabou_kanji_select[],8,0),"")
A10: 9 | C10: =VLOOKUP($A10,Final_manabou_kanji_select[[Sr no.]:[Title]],3,0) -> Burmese Favourite | D10: =VLOOKUP($A10,Final_manabou_kanji_select[],MATCH(D$1,Final_manabou_kanji_select[#Headers],0),0) | E10: =VLOOKUP($A10,Final_manabou_kanji_select[],MATCH(E$1,Final_manabou_kanji_select[#Headers],0),0) -> ငရုတ်သီးမှုန့် | F10: =VLOOKUP($A10,Final_manabou_kanji_select[],MATCH(F$1,Final_manabou_kanji_select[#Headers],0),0) | G10: =IFERROR(VLOOKUP($A10,Final_manabou_kanji_select[],7,0)&", "&VLOOKUP($A10,Final_manabou_kanji_select[],8,0),"")
A11: 10 | C11: =VLOOKUP($A11,Final_manabou_kanji_select[[Sr no.]:[Title]],3,0) -> Burmese Favourite | D11: =VLOOKUP($A11,Final_manabou_kanji_select[],MATCH(D$1,Final_manabou_kanji_select[#Headers],0),0) | E11: =VLOOKUP($A11,Final_manabou_kanji_select[],MATCH(E$1,Final_manabou_kanji_select[#Headers],0),0) -> ကြက်သွန်နီ | F11: =VLOOKUP($A11,Final_manabou_kanji_select[],MATCH(F$1,Final_manabou_kanji_select[#Headers],0),0) | G11: =IFERROR(VLOOKUP($A11,Final_manabou_kanji_select[],7,0)&", "&VLOOKUP($A11,Final_manabou_kanji_select[],8,0),"")
A12: 11 | C12: =VLOOKUP($A12,Final_manabou_kanji_select[[Sr no.]:[Title]],3,0) -> Burmese Favourite | D12: =VLOOKUP($A12,Final_manabou_kanji_select[],MATCH(D$1,Final_manabou_kanji_select[#Headers],0),0) | E12: =VLOOKUP($A12,Final_manabou_kanji_select[],MATCH(E$1,Final_manabou_kanji_select[#Headers],0),0) -> သံပရာသီး | F12: =VLOOKUP($A12,Final_manabou_kanji_select[],MATCH(F$1,Final_manabou_kanji_select[#Headers],0),0) | G12: =IFERROR(VLOOKUP($A12,Final_manabou_kanji_select[],7,0)&", "&VLOOKUP($A12,Final_manabou_kanji_select[],8,0),"")
A13: 12 | C13: =VLOOKUP($A13,Final_manabou_kanji_select[[Sr no.]:[Title]],3,0) -> Burmese Favourite | D13: =VLOOKUP($A13,Final_manabou_kanji_select[],MATCH(D$1,Final_manabou_kanji_select[#Headers],0),0) | E13: =VLOOKUP($A13,Final_manabou_kanji_select[],MATCH(E$1,Final_manabou_kanji_select[#Headers],0),0) -> ဆီချက် | F13: =VLOOKUP($A13,Final_manabou_kanji_select[],MATCH(F$1,Final_manabou_kanji_select[#Headers],0),0) | G13: =IFERROR(VLOOKUP($A13,Final_manabou_kanji_select[],7,0)&", "&VLOOKUP($A13,Final_manabou_kanji_select[],8,0),"")
... A802: 801 | C802: =VLOOKUP($A802,Final_manabou_kanji_select[[Sr no.]:[Title]],3,0) -> #N/A | D802: =VLOOKUP($A802,Final_manabou_kanji_select[],MATCH(D$1,Final_manabou_kanji_select[#Headers],0),0) -> #N/A | E802: =VLOOKUP($A802,Final_manabou_kanji_select[],MATCH(E$1,Final_manabou_kanji_select[#Headers],0),0) -> #N/A | F802: =VLOOKUP($A802,Final_manabou_kanji_select[],MATCH(F$1,Final_manabou_kanji_select[#Headers],0),0) -> #N/A | G802: =IFERROR(VLOOKUP($A802,Final_manabou_kanji_select[],7,0)&", "&VLOOKUP($A802,Final_manabou_kanji_select[],8,0),"")

Sheet Chart
C1: 1 | D1: 2 | E1: 3 | F1: 4 | G1: 5 | H1: 6 | I1: 7 | J1: 8 | L1: Column1 | M1: 1 | N1: 2 | O1: 3 | P1: 4 | Q1: 5 | R1: 6 | S1: 7 | T1: 8 | X1: 1 | Y1: 2 | Z1: 3 | AA1: 4 | AB1: 5 | AC1: 6 | AD1: 7 | AE1: 8 | AI1: 1 | AJ1: 2 | AK1: 3 | AL1: 4 | AM1: 5 | AN1: 6 | AO1: 7 | AP1: 8
A2: =IF($X2=1,$A1+1,$A1) -> 1 | B2: =IF(V2="",$B1,$V2) -> 1章1課 | C2: =IFERROR(VLOOKUP($B2&"_"&X2,Raw_data_N2_Kanji[[Receipe no]:[Receipe]],4,0),"") | D2: =IFERROR(VLOOKUP($B2&"_"&Y2,Raw_data_N2_Kanji[[Receipe no]:[Receipe]],4,0),"") | E2: =IFERROR(VLOOKUP($B2&"_"&Z2,Raw_data_N2_Kanji[[Receipe no]:[Receipe]],4,0),"") | F2: =IFERROR(VLOOKUP($B2&"_"&AA2,Raw_data_N2_Kanji[[Receipe no]:[Receipe]],4,0),"") | G2: =IFERROR(VLOOKUP($B2&"_"&AB2,Raw_data_N2_Kanji[[Receipe no]:[Receipe]],4,0),"") | H2: =IFERROR(VLOOKUP($B2&"_"&AC2,Raw_data_N2_Kanji[[Receipe no]:[Receipe]],4,0),"") | I2: =IFERROR(VLOOKUP($B2&"_"&AD2,Raw_data_N2_Kanji[[Receipe no]:[Receipe]],4,0),"") | J2: =IFERROR(VLOOKUP($B2&"_"&AE2,Raw_data_N2_Kanji[[Receipe no]:[Receipe]],4,0),"") | L2: =$W2 -> 1章1課 | M2: =IFERROR(VLOOKUP($L2&"_"&X2,Final_manabou_kanji[],6,0),"") | N2: =IFERROR(VLOOKUP($L2&"_"&Y2,Final_manabou_kanji[],6,0),"") | O2: =IFERROR(VLOOKUP($L2&"_"&Z2,Final_manabou_kanji[],6,0),"") | P2: =IFERROR(VLOOKUP($L2&"_"&AA2,Final_manabou_kanji[],6,0),"") | Q2: =IFERROR(VLOOKUP($L2&"_"&AB2,Final_manabou_kanji[],6,0),"") | R2: =IFERROR(VLOOKUP($L2&"_"&AC2,Final_manabou_kanji[],6,0),"") | S2: =IFERROR(VLOOKUP($L2&"_"&AD2,Final_manabou_kanji[],6,0),"") | T2: =IFERROR(VLOOKUP($L2&"_"&AE2,Final_manabou_kanji[],6,0),"") | V2: 1章1課 | W2: =IF(V2="",$W1,$V2) -> 1章1課 | X2: =IF($V2="",X1+8,X$1) -> 1 | Y2: =IF($V2="",Y1+8,Y$1) -> 2 | Z2: =IF($V2="",Z1+8,Z$1) -> 3 | AA2: =IF($V2="",AA1+8,AA$1) -> 4 | AB2: =IF($V2="",AB1+8,AB$1) -> 5 | AC2: =IF($V2="",AC1+8,AC$1) -> 6 | AD2: =IF($V2="",AD1+8,AD$1) -> 7 | AE2: =IF($V2="",AE1+8,AE$1) -> 8 | AH2: 21 | AI2: =$W2&X2 -> 1章1課1 | AJ2: =$W2&Y2 -> 1章1課2 | AK2: =$W2&Z2 -> 1章1課3 | AL2: =$W2&AA2 -> 1章1課4 | AM2: =$W2&AB2 -> 1章1課5 | AN2: =$W2&AC2 -> 1章1課6 | AO2: =$W2&AD2 -> 1章1課7 | AP2: =$W2&AE2 -> 1章1課8
A3: =IF($X3=1,$A2+1,$A2) -> 1 | B3: =IF(V3="",$B2,$V3) -> 1章1課 | C3: =IFERROR(VLOOKUP($B3&"_"&X3,Raw_data_N2_Kanji[[Receipe no]:[Receipe]],4,0),"") | D3: =IFERROR(VLOOKUP($B3&"_"&Y3,Raw_data_N2_Kanji[[Receipe no]:[Receipe]],4,0),"") | E3: =IFERROR(VLOOKUP($B3&"_"&Z3,Raw_data_N2_Kanji[[Receipe no]:[Receipe]],4,0),"") | F3: =IFERROR(VLOOKUP($B3&"_"&AA3,Raw_data_N2_Kanji[[Receipe no]:[Receipe]],4,0),"") | G3: =IFERROR(VLOOKUP($B3&"_"&AB3,Raw_data_N2_Kanji[[Receipe no]:[Receipe]],4,0),"") | H3: =IFERROR(VLOOKUP($B3&"_"&AC3,Raw_data_N2_Kanji[[Receipe no]:[Receipe]],4,0),"") | I3: =IFERROR(VLOOKUP($B3&"_"&AD3,Raw_data_N2_Kanji[[Receipe no]:[Receipe]],4,0),"") | J3: =IFERROR(VLOOKUP($B3&"_"&AE3,Raw_data_N2_Kanji[[Receipe no]:[Receipe]],4,0),"") | L3: =$W3 -> 1章1課 | M3: =IFERROR(VLOOKUP($L3&"_"&X3,Final_manabou_kanji[],6,0),"") | N3: =IFERROR(VLOOKUP($L3&"_"&Y3,Final_manabou_kanji[],6,0),"") | O3: =IFERROR(VLOOKUP($L3&"_"&Z3,Final_manabou_kanji[],6,0),"") | P3: =IFERROR(VLOOKUP($L3&"_"&AA3,Final_manabou_kanji[],6,0),"") | Q3: =IFERROR(VLOOKUP($L3&"_"&AB3,Final_manabou_kanji[],6,0),"") | R3: =IFERROR(VLOOKUP($L3&"_"&AC3,Final_manabou_kanji[],6,0),"") | S3: =IFERROR(VLOOKUP($L3&"_"&AD3,Final_manabou_kanji[],6,0),"") | T3: =IFERROR(VLOOKUP($L3&"_"&AE3,Final_manabou_kanji[],6,0),"") | W3: =IF(V3="",$W2,$V3) -> 1章1課 | X3: =IF($V3="",X2+8,X$1) -> 9 | Y3: =IF($V3="",Y2+8,Y$1) -> 10 | Z3: =IF($V3="",Z2+8,Z$1) -> 11 | AA3: =IF($V3="",AA2+8,AA$1) -> 12 | AB3: =IF($V3="",AB2+8,AB$1) -> 13 | AC3: =IF($V3="",AC2+8,AC$1) -> 14 | AD3: =IF($V3="",AD2+8,AD$1) -> 15 | AE3: =IF($V3="",AE2+8,AE$1) -> 16 | AH3: 21 | AI3: =$W3&X3 -> 1章1課9 | AJ3: =$W3&Y3 -> 1章1課10 | AK3: =$W3&Z3 -> 1章1課11 | AL3: =$W3&AA3 -> 1章1課12 | AM3: =$W3&AB3 -> 1章1課13 | AN3: =$W3&AC3 -> 1章1課14 | AO3: =$W3&AD3 -> 1章1課15 | AP3: =$W3&AE3 -> 1章1課16
A4: =IF($X4=1,$A3+1,$A3) -> 1 | B4: =IF(V4="",$B3,$V4) -> 1章1課 | C4: =IFERROR(VLOOKUP($B4&"_"&X4,Raw_data_N2_Kanji[[Receipe no]:[Receipe]],4,0),"") | D4: =IFERROR(VLOOKUP($B4&"_"&Y4,Raw_data_N2_Kanji[[Receipe no]:[Receipe]],4,0),"") | E4: =IFERROR(VLOOKUP($B4&"_"&Z4,Raw_data_N2_Kanji[[Receipe no]:[Receipe]],4,0),"") | F4: =IFERROR(VLOOKUP($B4&"_"&AA4,Raw_data_N2_Kanji[[Receipe no]:[Receipe]],4,0),"") | G4: =IFERROR(VLOOKUP($B4&"_"&AB4,Raw_data_N2_Kanji[[Receipe no]:[Receipe]],4,0),"") | H4: =IFERROR(VLOOKUP($B4&"_"&AC4,Raw_data_N2_Kanji[[Receipe no]:[Receipe]],4,0),"") | I4: =IFERROR(VLOOKUP($B4&"_"&AD4,Raw_data_N2_Kanji[[Receipe no]:[Receipe]],4,0),"") | J4: =IFERROR(VLOOKUP($B4&"_"&AE4,Raw_data_N2_Kanji[[Receipe no]:[Receipe]],4,0),"") | L4: =$W4 -> 1章1課 | M4: =IFERROR(VLOOKUP($L4&"_"&X4,Final_manabou_kanji[],6,0),"") | N4: =IFERROR(VLOOKUP($L4&"_"&Y4,Final_manabou_kanji[],6,0),"") | O4: =IFERROR(VLOOKUP($L4&"_"&Z4,Final_manabou_kanji[],6,0),"") | P4: =IFERROR(VLOOKUP($L4&"_"&AA4,Final_manabou_kanji[],6,0),"") | Q4: =IFERROR(VLOOKUP($L4&"_"&AB4,Final_manabou_kanji[],6,0),"") | R4: =IFERROR(VLOOKUP($L4&"_"&AC4,Final_manabou_kanji[],6,0),"") | S4: =IFERROR(VLOOKUP($L4&"_"&AD4,Final_manabou_kanji[],6,0),"") | T4: =IFERROR(VLOOKUP($L4&"_"&AE4,Final_manabou_kanji[],6,0),"") | W4: =IF(V4="",$W3,$V4) -> 1章1課 | X4: =IF($V4="",X3+8,X$1) -> 17 | Y4: =IF($V4="",Y3+8,Y$1) -> 18 | Z4: =IF($V4="",Z3+8,Z$1) -> 19 | AA4: =IF($V4="",AA3+8,AA$1) -> 20 | AB4: =IF($V4="",AB3+8,AB$1) -> 21 | AC4: =IF($V4="",AC3+8,AC$1) -> 22 | AD4: =IF($V4="",AD3+8,AD$1) -> 23 | AE4: =IF($V4="",AE3+8,AE$1) -> 24 | AH4: 21 | AI4: =$W4&X4 -> 1章1課17 | AJ4: =$W4&Y4 -> 1章1課18 | AK4: =$W4&Z4 -> 1章1課19 | AL4: =$W4&AA4 -> 1章1課20 | AM4: =$W4&AB4 -> 1章1課21 | AN4: =$W4&AC4 -> 1章1課22 | AO4: =$W4&AD4 -> 1章1課23 | AP4: =$W4&AE4 -> 1章1課24
A5: =IF($X5=1,$A4+1,$A4) -> 1 | B5: =IF(V5="",$B4,$V5) -> 1章1課 | C5: =IFERROR(VLOOKUP($B5&"_"&X5,Raw_data_N2_Kanji[[Receipe no]:[Receipe]],4,0),"") | D5: =IFERROR(VLOOKUP($B5&"_"&Y5,Raw_data_N2_Kanji[[Receipe no]:[Receipe]],4,0),"") | E5: =IFERROR(VLOOKUP($B5&"_"&Z5,Raw_data_N2_Kanji[[Receipe no]:[Receipe]],4,0),"") | F5: =IFERROR(VLOOKUP($B5&"_"&AA5,Raw_data_N2_Kanji[[Receipe no]:[Receipe]],4,0),"") | G5: =IFERROR(VLOOKUP($B5&"_"&AB5,Raw_data_N2_Kanji[[Receipe no]:[Receipe]],4,0),"") | H5: =IFERROR(VLOOKUP($B5&"_"&AC5,Raw_data_N2_Kanji[[Receipe no]:[Receipe]],4,0),"") | I5: =IFERROR(VLOOKUP($B5&"_"&AD5,Raw_data_N2_Kanji[[Receipe no]:[Receipe]],4,0),"") | J5: =IFERROR(VLOOKUP($B5&"_"&AE5,Raw_data_N2_Kanji[[Receipe no]:[Receipe]],4,0),"") | L5: =$W5 -> 1章1課 | M5: =IFERROR(VLOOKUP($L5&"_"&X5,Final_manabou_kanji[],6,0),"") | N5: =IFERROR(VLOOKUP($L5&"_"&Y5,Final_manabou_kanji[],6,0),"") | O5: =IFERROR(VLOOKUP($L5&"_"&Z5,Final_manabou_kanji[],6,0),"") | P5: =IFERROR(VLOOKUP($L5&"_"&AA5,Final_manabou_kanji[],6,0),"") | Q5: =IFERROR(VLOOKUP($L5&"_"&AB5,Final_manabou_kanji[],6,0),"") | R5: =IFERROR(VLOOKUP($L5&"_"&AC5,Final_manabou_kanji[],6,0),"") | S5: =IFERROR(VLOOKUP($L5&"_"&AD5,Final_manabou_kanji[],6,0),"") | T5: =IFERROR(VLOOKUP($L5&"_"&AE5,Final_manabou_kanji[],6,0),"") | W5: =IF(V5="",$W4,$V5) -> 1章1課 | X5: =IF($V5="",X4+8,X$1) -> 25 | Y5: =IF($V5="",Y4+8,Y$1) -> 26 | Z5: =IF($V5="",Z4+8,Z$1) -> 27 | AA5: =IF($V5="",AA4+8,AA$1) -> 28 | AB5: =IF($V5="",AB4+8,AB$1) -> 29 | AC5: =IF($V5="",AC4+8,AC$1) -> 30 | AD5: =IF($V5="",AD4+8,AD$1) -> 31 | AE5: =IF($V5="",AE4+8,AE$1) -> 32 | AH5: 21 | AI5: =$W5&X5 -> 1章1課25 | AJ5: =$W5&Y5 -> 1章1課26 | AK5: =$W5&Z5 -> 1章1課27 | AL5: =$W5&AA5 -> 1章1課28 | AM5: =$W5&AB5 -> 1章1課29 | AN5: =$W5&AC5 -> 1章1課30 | AO5: =$W5&AD5 -> 1章1課31 | AP5: =$W5&AE5 -> 1章1課32
A6: =IF($X6=1,$A5+1,$A5) -> 2 | B6: =IF(V6="",$B5,$V6) -> 1章2課 | C6: =IFERROR(VLOOKUP($B6&"_"&X6,Raw_data_N2_Kanji[[Receipe no]:[Receipe]],4,0),"") | D6: =IFERROR(VLOOKUP($B6&"_"&Y6,Raw_data_N2_Kanji[[Receipe no]:[Receipe]],4,0),"") | E6: =IFERROR(VLOOKUP($B6&"_"&Z6,Raw_data_N2_Kanji[[Receipe no]:[Receipe]],4,0),"") | F6: =IFERROR(VLOOKUP($B6&"_"&AA6,Raw_data_N2_Kanji[[Receipe no]:[Receipe]],4,0),"") | G6: =IFERROR(VLOOKUP($B6&"_"&AB6,Raw_data_N2_Kanji[[Receipe no]:[Receipe]],4,0),"") | H6: =IFERROR(VLOOKUP($B6&"_"&AC6,Raw_data_N2_Kanji[[Receipe no]:[Receipe]],4,0),"") | I6: =IFERROR(VLOOKUP($B6&"_"&AD6,Raw_data_N2_Kanji[[Receipe no]:[Receipe]],4,0),"") | J6: =IFERROR(VLOOKUP($B6&"_"&AE6,Raw_data_N2_Kanji[[Receipe no]:[Receipe]],4,0),"") | L6: =$W6 -> 1章2課 | M6: =IFERROR(VLOOKUP($L6&"_"&X6,Final_manabou_kanji[],6,0),"") | N6: =IFERROR(VLOOKUP($L6&"_"&Y6,Final_manabou_kanji[],6,0),"") | O6: =IFERROR(VLOOKUP($L6&"_"&Z6,Final_manabou_kanji[],6,0),"") | P6: =IFERROR(VLOOKUP($L6&"_"&AA6,Final_manabou_kanji[],6,0),"") | Q6: =IFERROR(VLOOKUP($L6&"_"&AB6,Final_manabou_kanji[],6,0),"") | R6: =IFERROR(VLOOKUP($L6&"_"&AC6,Final_manabou_kanji[],6,0),"") | S6: =IFERROR(VLOOKUP($L6&"_"&AD6,Final_manabou_kanji[],6,0),"") | T6: =IFERROR(VLOOKUP($L6&"_"&AE6,Final_manabou_kanji[],6,0),"") | V6: 1章2課 | W6: =IF(V6="",$W5,$V6) -> 1章2課 | X6: =IF($V6="",X5+8,X$1) -> 1 | Y6: =IF($V6="",Y5+8,Y$1) -> 2 | Z6: =IF($V6="",Z5+8,Z$1) -> 3 | AA6: =IF($V6="",AA5+8,AA$1) -> 4 | AB6: =IF($V6="",AB5+8,AB$1) -> 5 | AC6: =IF($V6="",AC5+8,AC$1) -> 6 | AD6: =IF($V6="",AD5+8,AD$1) -> 7 | AE6: =IF($V6="",AE5+8,AE$1) -> 8 | AH6: 21 | AI6: =$W6&X6 -> 1章2課1 | AJ6: =$W6&Y6 -> 1章2課2 | AK6: =$W6&Z6 -> 1章2課3 | AL6: =$W6&AA6 -> 1章2課4 | AM6: =$W6&AB6 -> 1章2課5 | AN6: =$W6&AC6 -> 1章2課6 | AO6: =$W6&AD6 -> 1章2課7 | AP6: =$W6&AE6 -> 1章2課8
A7: =IF($X7=1,$A6+1,$A6) -> 2 | B7: =IF(V7="",$B6,$V7) -> 1章2課 | C7: =IFERROR(VLOOKUP($B7&"_"&X7,Raw_data_N2_Kanji[[Receipe no]:[Receipe]],4,0),"") | D7: =IFERROR(VLOOKUP($B7&"_"&Y7,Raw_data_N2_Kanji[[Receipe no]:[Receipe]],4,0),"") | E7: =IFERROR(VLOOKUP($B7&"_"&Z7,Raw_data_N2_Kanji[[Receipe no]:[Receipe]],4,0),"") | F7: =IFERROR(VLOOKUP($B7&"_"&AA7,Raw_data_N2_Kanji[[Receipe no]:[Receipe]],4,0),"") | G7: =IFERROR(VLOOKUP($B7&"_"&AB7,Raw_data_N2_Kanji[[Receipe no]:[Receipe]],4,0),"") | H7: =IFERROR(VLOOKUP($B7&"_"&AC7,Raw_data_N2_Kanji[[Receipe no]:[Receipe]],4,0),"") | I7: =IFERROR(VLOOKUP($B7&"_"&AD7,Raw_data_N2_Kanji[[Receipe no]:[Receipe]],4,0),"") | J7: =IFERROR(VLOOKUP($B7&"_"&AE7,Raw_data_N2_Kanji[[Receipe no]:[Receipe]],4,0),"") | L7: =$W7 -> 1章2課 | M7: =IFERROR(VLOOKUP($L7&"_"&X7,Final_manabou_kanji[],6,0),"") | N7: =IFERROR(VLOOKUP($L7&"_"&Y7,Final_manabou_kanji[],6,0),"") | O7: =IFERROR(VLOOKUP($L7&"_"&Z7,Final_manabou_kanji[],6,0),"") | P7: =IFERROR(VLOOKUP($L7&"_"&AA7,Final_manabou_kanji[],6,0),"") | Q7: =IFERROR(VLOOKUP($L7&"_"&AB7,Final_manabou_kanji[],6,0),"") | R7: =IFERROR(VLOOKUP($L7&"_"&AC7,Final_manabou_kanji[],6,0),"") | S7: =IFERROR(VLOOKUP($L7&"_"&AD7,Final_manabou_kanji[],6,0),"") | T7: =IFERROR(VLOOKUP($L7&"_"&AE7,Final_manabou_kanji[],6,0),"") | W7: =IF(V7="",$W6,$V7) -> 1章2課 | X7: =IF($V7="",X6+8,X$1) -> 9 | Y7: =IF($V7="",Y6+8,Y$1) -> 10 | Z7: =IF($V7="",Z6+8,Z$1) -> 11 | AA7: =IF($V7="",AA6+8,AA$1) -> 12 | AB7: =IF($V7="",AB6+8,AB$1) -> 13 | AC7: =IF($V7="",AC6+8,AC$1) -> 14 | AD7: =IF($V7="",AD6+8,AD$1) -> 15 | AE7: =IF($V7="",AE6+8,AE$1) -> 16 | AH7: 21 | AI7: =$W7&X7 -> 1章2課9 | AJ7: =$W7&Y7 -> 1章2課10 | AK7: =$W7&Z7 -> 1章2課11 | AL7: =$W7&AA7 -> 1章2課12 | AM7: =$W7&AB7 -> 1章2課13 | AN7: =$W7&AC7 -> 1章2課14 | AO7: =$W7&AD7 -> 1章2課15 | AP7: =$W7&AE7 -> 1章2課16
A8: =IF($X8=1,$A7+1,$A7) -> 2 | B8: =IF(V8="",$B7,$V8) -> 1章2課 | C8: =IFERROR(VLOOKUP($B8&"_"&X8,Raw_data_N2_Kanji[[Receipe no]:[Receipe]],4,0),"") | D8: =IFERROR(VLOOKUP($B8&"_"&Y8,Raw_data_N2_Kanji[[Receipe no]:[Receipe]],4,0),"") | E8: =IFERROR(VLOOKUP($B8&"_"&Z8,Raw_data_N2_Kanji[[Receipe no]:[Receipe]],4,0),"") | F8: =IFERROR(VLOOKUP($B8&"_"&AA8,Raw_data_N2_Kanji[[Receipe no]:[Receipe]],4,0),"") | G8: =IFERROR(VLOOKUP($B8&"_"&AB8,Raw_data_N2_Kanji[[Receipe no]:[Receipe]],4,0),"") | H8: =IFERROR(VLOOKUP($B8&"_"&AC8,Raw_data_N2_Kanji[[Receipe no]:[Receipe]],4,0),"") | I8: =IFERROR(VLOOKUP($B8&"_"&AD8,Raw_data_N2_Kanji[[Receipe no]:[Receipe]],4,0),"") | J8: =IFERROR(VLOOKUP($B8&"_"&AE8,Raw_data_N2_Kanji[[Receipe no]:[Receipe]],4,0),"") | L8: =$W8 -> 1章2課 | M8: =IFERROR(VLOOKUP($L8&"_"&X8,Final_manabou_kanji[],6,0),"") | N8: =IFERROR(VLOOKUP($L8&"_"&Y8,Final_manabou_kanji[],6,0),"") | O8: =IFERROR(VLOOKUP($L8&"_"&Z8,Final_manabou_kanji[],6,0),"") | P8: =IFERROR(VLOOKUP($L8&"_"&AA8,Final_manabou_kanji[],6,0),"") | Q8: =IFERROR(VLOOKUP($L8&"_"&AB8,Final_manabou_kanji[],6,0),"") | R8: =IFERROR(VLOOKUP($L8&"_"&AC8,Final_manabou_kanji[],6,0),"") | S8: =IFERROR(VLOOKUP($L8&"_"&AD8,Final_manabou_kanji[],6,0),"") | T8: =IFERROR(VLOOKUP($L8&"_"&AE8,Final_manabou_kanji[],6,0),"") | W8: =IF(V8="",$W7,$V8) -> 1章2課 | X8: =IF($V8="",X7+8,X$1) -> 17 | Y8: =IF($V8="",Y7+8,Y$1) -> 18 | Z8: =IF($V8="",Z7+8,Z$1) -> 19 | AA8: =IF($V8="",AA7+8,AA$1) -> 20 | AB8: =IF($V8="",AB7+8,AB$1) -> 21 | AC8: =IF($V8="",AC7+8,AC$1) -> 22 | AD8: =IF($V8="",AD7+8,AD$1) -> 23 | AE8: =IF($V8="",AE7+8,AE$1) -> 24 | AH8: 21 | AI8: =$W8&X8 -> 1章2課17 | AJ8: =$W8&Y8 -> 1章2課18 | AK8: =$W8&Z8 -> 1章2課19 | AL8: =$W8&AA8 -> 1章2課20 | AM8: =$W8&AB8 -> 1章2課21 | AN8: =$W8&AC8 -> 1章2課22 | AO8: =$W8&AD8 -> 1章2課23 | AP8: =$W8&AE8 -> 1章2課24
A9: =IF($X9=1,$A8+1,$A8) -> 2 | B9: =IF(V9="",$B8,$V9) -> 1章2課 | C9: =IFERROR(VLOOKUP($B9&"_"&X9,Raw_data_N2_Kanji[[Receipe no]:[Receipe]],4,0),"") | D9: =IFERROR(VLOOKUP($B9&"_"&Y9,Raw_data_N2_Kanji[[Receipe no]:[Receipe]],4,0),"") | E9: =IFERROR(VLOOKUP($B9&"_"&Z9,Raw_data_N2_Kanji[[Receipe no]:[Receipe]],4,0),"") | F9: =IFERROR(VLOOKUP($B9&"_"&AA9,Raw_data_N2_Kanji[[Receipe no]:[Receipe]],4,0),"") | G9: =IFERROR(VLOOKUP($B9&"_"&AB9,Raw_data_N2_Kanji[[Receipe no]:[Receipe]],4,0),"") | H9: =IFERROR(VLOOKUP($B9&"_"&AC9,Raw_data_N2_Kanji[[Receipe no]:[Receipe]],4,0),"") | I9: =IFERROR(VLOOKUP($B9&"_"&AD9,Raw_data_N2_Kanji[[Receipe no]:[Receipe]],4,0),"") | J9: =IFERROR(VLOOKUP($B9&"_"&AE9,Raw_data_N2_Kanji[[Receipe no]:[Receipe]],4,0),"") | L9: =$W9 -> 1章2課 | M9: =IFERROR(VLOOKUP($L9&"_"&X9,Final_manabou_kanji[],6,0),"") | N9: =IFERROR(VLOOKUP($L9&"_"&Y9,Final_manabou_kanji[],6,0),"") | O9: =IFERROR(VLOOKUP($L9&"_"&Z9,Final_manabou_kanji[],6,0),"") | P9: =IFERROR(VLOOKUP($L9&"_"&AA9,Final_manabou_kanji[],6,0),"") | Q9: =IFERROR(VLOOKUP($L9&"_"&AB9,Final_manabou_kanji[],6,0),"") | R9: =IFERROR(VLOOKUP($L9&"_"&AC9,Final_manabou_kanji[],6,0),"") | S9: =IFERROR(VLOOKUP($L9&"_"&AD9,Final_manabou_kanji[],6,0),"") | T9: =IFERROR(VLOOKUP($L9&"_"&AE9,Final_manabou_kanji[],6,0),"") | W9: =IF(V9="",$W8,$V9) -> 1章2課 | X9: =IF($V9="",X8+8,X$1) -> 25 | Y9: =IF($V9="",Y8+8,Y$1) -> 26 | Z9: =IF($V9="",Z8+8,Z$1) -> 27 | AA9: =IF($V9="",AA8+8,AA$1) -> 28 | AB9: =IF($V9="",AB8+8,AB$1) -> 29 | AC9: =IF($V9="",AC8+8,AC$1) -> 30 | AD9: =IF($V9="",AD8+8,AD$1) -> 31 | AE9: =IF($V9="",AE8+8,AE$1) -> 32 | AH9: 21 | AI9: =$W9&X9 -> 1章2課25 | AJ9: =$W9&Y9 -> 1章2課26 | AK9: =$W9&Z9 -> 1章2課27 | AL9: =$W9&AA9 -> 1章2課28 | AM9: =$W9&AB9 -> 1章2課29 | AN9: =$W9&AC9 -> 1章2課30 | AO9: =$W9&AD9 -> 1章2課31 | AP9: =$W9&AE9 -> 1章2課32
A10: =IF($X10=1,$A9+1,$A9) -> 2 | B10: =IF(V10="",$B9,$V10) -> 1章2課 | C10: =IFERROR(VLOOKUP($B10&"_"&X10,Raw_data_N2_Kanji[[Receipe no]:[Receipe]],4,0),"") | D10: =IFERROR(VLOOKUP($B10&"_"&Y10,Raw_data_N2_Kanji[[Receipe no]:[Receipe]],4,0),"") | E10: =IFERROR(VLOOKUP($B10&"_"&Z10,Raw_data_N2_Kanji[[Receipe no]:[Receipe]],4,0),"") | F10: =IFERROR(VLOOKUP($B10&"_"&AA10,Raw_data_N2_Kanji[[Receipe no]:[Receipe]],4,0),"") | G10: =IFERROR(VLOOKUP($B10&"_"&AB10,Raw_data_N2_Kanji[[Receipe no]:[Receipe]],4,0),"") | H10: =IFERROR(VLOOKUP($B10&"_"&AC10,Raw_data_N2_Kanji[[Receipe no]:[Receipe]],4,0),"") | I10: =IFERROR(VLOOKUP($B10&"_"&AD10,Raw_data_N2_Kanji[[Receipe no]:[Receipe]],4,0),"") | J10: =IFERROR(VLOOKUP($B10&"_"&AE10,Raw_data_N2_Kanji[[Receipe no]:[Receipe]],4,0),"") | L10: =$W10 -> 1章2課 | M10: =IFERROR(VLOOKUP($L10&"_"&X10,Final_manabou_kanji[],6,0),"") | N10: =IFERROR(VLOOKUP($L10&"_"&Y10,Final_manabou_kanji[],6,0),"") | O10: =IFERROR(VLOOKUP($L10&"_"&Z10,Final_manabou_kanji[],6,0),"") | P10: =IFERROR(VLOOKUP($L10&"_"&AA10,Final_manabou_kanji[],6,0),"") | Q10: =IFERROR(VLOOKUP($L10&"_"&AB10,Final_manabou_kanji[],6,0),"") | R10: =IFERROR(VLOOKUP($L10&"_"&AC10,Final_manabou_kanji[],6,0),"") | S10: =IFERROR(VLOOKUP($L10&"_"&AD10,Final_manabou_kanji[],6,0),"") | T10: =IFERROR(VLOOKUP($L10&"_"&AE10,Final_manabou_kanji[],6,0),"") | W10: =IF(V10="",$W9,$V10) -> 1章2課 | X10: =IF($V10="",X9+8,X$1) -> 33 | Y10: =IF($V10="",Y9+8,Y$1) -> 34 | Z10: =IF($V10="",Z9+8,Z$1) -> 35 | AA10: =IF($V10="",AA9+8,AA$1) -> 36 | AB10: =IF($V10="",AB9+8,AB$1) -> 37 | AC10: =IF($V10="",AC9+8,AC$1) -> 38 | AD10: =IF($V10="",AD9+8,AD$1) -> 39 | AE10: =IF($V10="",AE9+8,AE$1) -> 40 | AH10: 22 | AI10: =$W10&X10 -> 1章2課33 | AJ10: =$W10&Y10 -> 1章2課34 | AK10: =$W10&Z10 -> 1章2課35 | AL10: =$W10&AA10 -> 1章2課36 | AM10: =$W10&AB10 -> 1章2課37 | AN10: =$W10&AC10 -> 1章2課38 | AO10: =$W10&AD10 -> 1章2課39 | AP10: =$W10&AE10 -> 1章2課40
A11: =IF($X11=1,$A10+1,$A10) -> 3 | B11: =IF(V11="",$B10,$V11) -> 1章3課 | C11: =IFERROR(VLOOKUP($B11&"_"&X11,Raw_data_N2_Kanji[[Receipe no]:[Receipe]],4,0),"") | D11: =IFERROR(VLOOKUP($B11&"_"&Y11,Raw_data_N2_Kanji[[Receipe no]:[Receipe]],4,0),"") | E11: =IFERROR(VLOOKUP($B11&"_"&Z11,Raw_data_N2_Kanji[[Receipe no]:[Receipe]],4,0),"") | F11: =IFERROR(VLOOKUP($B11&"_"&AA11,Raw_data_N2_Kanji[[Receipe no]:[Receipe]],4,0),"") | G11: =IFERROR(VLOOKUP($B11&"_"&AB11,Raw_data_N2_Kanji[[Receipe no]:[Receipe]],4,0),"") | H11: =IFERROR(VLOOKUP($B11&"_"&AC11,Raw_data_N2_Kanji[[Receipe no]:[Receipe]],4,0),"") | I11: =IFERROR(VLOOKUP($B11&"_"&AD11,Raw_data_N2_Kanji[[Receipe no]:[Receipe]],4,0),"") | J11: =IFERROR(VLOOKUP($B11&"_"&AE11,Raw_data_N2_Kanji[[Receipe no]:[Receipe]],4,0),"") | L11: =$W11 -> 1章3課 | M11: =IFERROR(VLOOKUP($L11&"_"&X11,Final_manabou_kanji[],6,0),"") | N11: =IFERROR(VLOOKUP($L11&"_"&Y11,Final_manabou_kanji[],6,0),"") | O11: =IFERROR(VLOOKUP($L11&"_"&Z11,Final_manabou_kanji[],6,0),"") | P11: =IFERROR(VLOOKUP($L11&"_"&AA11,Final_manabou_kanji[],6,0),"") | Q11: =IFERROR(VLOOKUP($L11&"_"&AB11,Final_manabou_kanji[],6,0),"") | R11: =IFERROR(VLOOKUP($L11&"_"&AC11,Final_manabou_kanji[],6,0),"") | S11: =IFERROR(VLOOKUP($L11&"_"&AD11,Final_manabou_kanji[],6,0),"") | T11: =IFERROR(VLOOKUP($L11&"_"&AE11,Final_manabou_kanji[],6,0),"") | V11: 1章3課 | W11: =IF(V11="",$W10,$V11) -> 1章3課 | X11: =IF($V11="",X10+8,X$1) -> 1 | Y11: =IF($V11="",Y10+8,Y$1) -> 2 | Z11: =IF($V11="",Z10+8,Z$1) -> 3 | AA11: =IF($V11="",AA10+8,AA$1) -> 4 | AB11: =IF($V11="",AB10+8,AB$1) -> 5 | AC11: =IF($V11="",AC10+8,AC$1) -> 6 | AD11: =IF($V11="",AD10+8,AD$1) -> 7 | AE11: =IF($V11="",AE10+8,AE$1) -> 8 | AH11: 22 | AI11: =$W11&X11 -> 1章3課1 | AJ11: =$W11&Y11 -> 1章3課2 | AK11: =$W11&Z11 -> 1章3課3 | AL11: =$W11&AA11 -> 1章3課4 | AM11: =$W11&AB11 -> 1章3課5 | AN11: =$W11&AC11 -> 1章3課6 | AO11: =$W11&AD11 -> 1章3課7 | AP11: =$W11&AE11 -> 1章3課8
A12: =IF($X12=1,$A11+1,$A11) -> 3 | B12: =IF(V12="",$B11,$V12) -> 1章3課 | C12: =IFERROR(VLOOKUP($B12&"_"&X12,Raw_data_N2_Kanji[[Receipe no]:[Receipe]],4,0),"") | D12: =IFERROR(VLOOKUP($B12&"_"&Y12,Raw_data_N2_Kanji[[Receipe no]:[Receipe]],4,0),"") | E12: =IFERROR(VLOOKUP($B12&"_"&Z12,Raw_data_N2_Kanji[[Receipe no]:[Receipe]],4,0),"") | F12: =IFERROR(VLOOKUP($B12&"_"&AA12,Raw_data_N2_Kanji[[Receipe no]:[Receipe]],4,0),"") | G12: =IFERROR(VLOOKUP($B12&"_"&AB12,Raw_data_N2_Kanji[[Receipe no]:[Receipe]],4,0),"") | H12: =IFERROR(VLOOKUP($B12&"_"&AC12,Raw_data_N2_Kanji[[Receipe no]:[Receipe]],4,0),"") | I12: =IFERROR(VLOOKUP($B12&"_"&AD12,Raw_data_N2_Kanji[[Receipe no]:[Receipe]],4,0),"") | J12: =IFERROR(VLOOKUP($B12&"_"&AE12,Raw_data_N2_Kanji[[Receipe no]:[Receipe]],4,0),"") | L12: =$W12 -> 1章3課 | M12: =IFERROR(VLOOKUP($L12&"_"&X12,Final_manabou_kanji[],6,0),"") | N12: =IFERROR(VLOOKUP($L12&"_"&Y12,Final_manabou_kanji[],6,0),"") | O12: =IFERROR(VLOOKUP($L12&"_"&Z12,Final_manabou_kanji[],6,0),"") | P12: =IFERROR(VLOOKUP($L12&"_"&AA12,Final_manabou_kanji[],6,0),"") | Q12: =IFERROR(VLOOKUP($L12&"_"&AB12,Final_manabou_kanji[],6,0),"") | R12: =IFERROR(VLOOKUP($L12&"_"&AC12,Final_manabou_kanji[],6,0),"") | S12: =IFERROR(VLOOKUP($L12&"_"&AD12,Final_manabou_kanji[],6,0),"") | T12: =IFERROR(VLOOKUP($L12&"_"&AE12,Final_manabou_kanji[],6,0),"") | W12: =IF(V12="",$W11,$V12) -> 1章3課 | X12: =IF($V12="",X11+8,X$1) -> 9 | Y12: =IF($V12="",Y11+8,Y$1) -> 10 | Z12: =IF($V12="",Z11+8,Z$1) -> 11 | AA12: =IF($V12="",AA11+8,AA$1) -> 12 | AB12: =IF($V12="",AB11+8,AB$1) -> 13 | AC12: =IF($V12="",AC11+8,AC$1) -> 14 | AD12: =IF($V12="",AD11+8,AD$1) -> 15 | AE12: =IF($V12="",AE11+8,AE$1) -> 16 | AH12: 22 | AI12: =$W12&X12 -> 1章3課9 | AJ12: =$W12&Y12 -> 1章3課10 | AK12: =$W12&Z12 -> 1章3課11 | AL12: =$W12&AA12 -> 1章3課12 | AM12: =$W12&AB12 -> 1章3課13 | AN12: =$W12&AC12 -> 1章3課14 | AO12: =$W12&AD12 -> 1章3課15 | AP12: =$W12&AE12 -> 1章3課16
A13: =IF($X13=1,$A12+1,$A12) -> 3 | B13: =IF(V13="",$B12,$V13) -> 1章3課 | C13: =IFERROR(VLOOKUP($B13&"_"&X13,Raw_data_N2_Kanji[[Receipe no]:[Receipe]],4,0),"") | D13: =IFERROR(VLOOKUP($B13&"_"&Y13,Raw_data_N2_Kanji[[Receipe no]:[Receipe]],4,0),"") | E13: =IFERROR(VLOOKUP($B13&"_"&Z13,Raw_data_N2_Kanji[[Receipe no]:[Receipe]],4,0),"") | F13: =IFERROR(VLOOKUP($B13&"_"&AA13,Raw_data_N2_Kanji[[Receipe no]:[Receipe]],4,0),"") | G13: =IFERROR(VLOOKUP($B13&"_"&AB13,Raw_data_N2_Kanji[[Receipe no]:[Receipe]],4,0),"") | H13: =IFERROR(VLOOKUP($B13&"_"&AC13,Raw_data_N2_Kanji[[Receipe no]:[Receipe]],4,0),"") | I13: =IFERROR(VLOOKUP($B13&"_"&AD13,Raw_data_N2_Kanji[[Receipe no]:[Receipe]],4,0),"") | J13: =IFERROR(VLOOKUP($B13&"_"&AE13,Raw_data_N2_Kanji[[Receipe no]:[Receipe]],4,0),"") | L13: =$W13 -> 1章3課 | M13: =IFERROR(VLOOKUP($L13&"_"&X13,Final_manabou_kanji[],6,0),"") | N13: =IFERROR(VLOOKUP($L13&"_"&Y13,Final_manabou_kanji[],6,0),"") | O13: =IFERROR(VLOOKUP($L13&"_"&Z13,Final_manabou_kanji[],6,0),"") | P13: =IFERROR(VLOOKUP($L13&"_"&AA13,Final_manabou_kanji[],6,0),"") | Q13: =IFERROR(VLOOKUP($L13&"_"&AB13,Final_manabou_kanji[],6,0),"") | R13: =IFERROR(VLOOKUP($L13&"_"&AC13,Final_manabou_kanji[],6,0),"") | S13: =IFERROR(VLOOKUP($L13&"_"&AD13,Final_manabou_kanji[],6,0),"") | T13: =IFERROR(VLOOKUP($L13&"_"&AE13,Final_manabou_kanji[],6,0),"") | W13: =IF(V13="",$W12,$V13) -> 1章3課 | X13: =IF($V13="",X12+8,X$1) -> 17 | Y13: =IF($V13="",Y12+8,Y$1) -> 18 | Z13: =IF($V13="",Z12+8,Z$1) -> 19 | AA13: =IF($V13="",AA12+8,AA$1) -> 20 | AB13: =IF($V13="",AB12+8,AB$1) -> 21 | AC13: =IF($V13="",AC12+8,AC$1) -> 22 | AD13: =IF($V13="",AD12+8,AD$1) -> 23 | AE13: =IF($V13="",AE12+8,AE$1) -> 24 | AH13: 22 | AI13: =$W13&X13 -> 1章3課17 | AJ13: =$W13&Y13 -> 1章3課18 | AK13: =$W13&Z13 -> 1章3課19 | AL13: =$W13&AA13 -> 1章3課20 | AM13: =$W13&AB13 -> 1章3課21 | AN13: =$W13&AC13 -> 1章3課22 | AO13: =$W13&AD13 -> 1章3課23 | AP13: =$W13&AE13 -> 1章3課24
A14: =IF($X14=1,$A13+1,$A13) -> 3 | B14: =IF(V14="",$B13,$V14) -> 1章3課 | C14: =IFERROR(VLOOKUP($B14&"_"&X14,Raw_data_N2_Kanji[[Receipe no]:[Receipe]],4,0),"") | D14: =IFERROR(VLOOKUP($B14&"_"&Y14,Raw_data_N2_Kanji[[Receipe no]:[Receipe]],4,0),"") | E14: =IFERROR(VLOOKUP($B14&"_"&Z14,Raw_data_N2_Kanji[[Receipe no]:[Receipe]],4,0),"") | F14: =IFERROR(VLOOKUP($B14&"_"&AA14,Raw_data_N2_Kanji[[Receipe no]:[Receipe]],4,0),"") | G14: =IFERROR(VLOOKUP($B14&"_"&AB14,Raw_data_N2_Kanji[[Receipe no]:[Receipe]],4,0),"") | H14: =IFERROR(VLOOKUP($B14&"_"&AC14,Raw_data_N2_Kanji[[Receipe no]:[Receipe]],4,0),"") | I14: =IFERROR(VLOOKUP($B14&"_"&AD14,Raw_data_N2_Kanji[[Receipe no]:[Receipe]],4,0),"") | J14: =IFERROR(VLOOKUP($B14&"_"&AE14,Raw_data_N2_Kanji[[Receipe no]:[Receipe]],4,0),"") | L14: =$W14 -> 1章3課 | M14: =IFERROR(VLOOKUP($L14&"_"&X14,Final_manabou_kanji[],6,0),"") | N14: =IFERROR(VLOOKUP($L14&"_"&Y14,Final_manabou_kanji[],6,0),"") | O14: =IFERROR(VLOOKUP($L14&"_"&Z14,Final_manabou_kanji[],6,0),"") | P14: =IFERROR(VLOOKUP($L14&"_"&AA14,Final_manabou_kanji[],6,0),"") | Q14: =IFERROR(VLOOKUP($L14&"_"&AB14,Final_manabou_kanji[],6,0),"") | R14: =IFERROR(VLOOKUP($L14&"_"&AC14,Final_manabou_kanji[],6,0),"") | S14: =IFERROR(VLOOKUP($L14&"_"&AD14,Final_manabou_kanji[],6,0),"") | T14: =IFERROR(VLOOKUP($L14&"_"&AE14,Final_manabou_kanji[],6,0),"") | W14: =IF(V14="",$W13,$V14) -> 1章3課 | X14: =IF($V14="",X13+8,X$1) -> 25 | Y14: =IF($V14="",Y13+8,Y$1) -> 26 | Z14: =IF($V14="",Z13+8,Z$1) -> 27 | AA14: =IF($V14="",AA13+8,AA$1) -> 28 | AB14: =IF($V14="",AB13+8,AB$1) -> 29 | AC14: =IF($V14="",AC13+8,AC$1) -> 30 | AD14: =IF($V14="",AD13+8,AD$1) -> 31 | AE14: =IF($V14="",AE13+8,AE$1) -> 32 | AH14: 22 | AI14: =$W14&X14 -> 1章3課25 | AJ14: =$W14&Y14 -> 1章3課26 | AK14: =$W14&Z14 -> 1章3課27 | AL14: =$W14&AA14 -> 1章3課28 | AM14: =$W14&AB14 -> 1章3課29 | AN14: =$W14&AC14 -> 1章3課30 | AO14: =$W14&AD14 -> 1章3課31 | AP14: =$W14&AE14 -> 1章3課32
A15: =IF($X15=1,$A14+1,$A14) -> 3 | B15: =IF(V15="",$B14,$V15) -> 1章3課 | C15: =IFERROR(VLOOKUP($B15&"_"&X15,Raw_data_N2_Kanji[[Receipe no]:[Receipe]],4,0),"") | D15: =IFERROR(VLOOKUP($B15&"_"&Y15,Raw_data_N2_Kanji[[Receipe no]:[Receipe]],4,0),"") | E15: =IFERROR(VLOOKUP($B15&"_"&Z15,Raw_data_N2_Kanji[[Receipe no]:[Receipe]],4,0),"") | F15: =IFERROR(VLOOKUP($B15&"_"&AA15,Raw_data_N2_Kanji[[Receipe no]:[Receipe]],4,0),"") | G15: =IFERROR(VLOOKUP($B15&"_"&AB15,Raw_data_N2_Kanji[[Receipe no]:[Receipe]],4,0),"") | H15: =IFERROR(VLOOKUP($B15&"_"&AC15,Raw_data_N2_Kanji[[Receipe no]:[Receipe]],4,0),"") | I15: =IFERROR(VLOOKUP($B15&"_"&AD15,Raw_data_N2_Kanji[[Receipe no]:[Receipe]],4,0),"") | J15: =IFERROR(VLOOKUP($B15&"_"&AE15,Raw_data_N2_Kanji[[Receipe no]:[Receipe]],4,0),"") | L15: =$W15 -> 1章3課 | M15: =IFERROR(VLOOKUP($L15&"_"&X15,Final_manabou_kanji[],6,0),"") | N15: =IFERROR(VLOOKUP($L15&"_"&Y15,Final_manabou_kanji[],6,0),"") | O15: =IFERROR(VLOOKUP($L15&"_"&Z15,Final_manabou_kanji[],6,0),"") | P15: =IFERROR(VLOOKUP($L15&"_"&AA15,Final_manabou_kanji[],6,0),"") | Q15: =IFERROR(VLOOKUP($L15&"_"&AB15,Final_manabou_kanji[],6,0),"") | R15: =IFERROR(VLOOKUP($L15&"_"&AC15,Final_manabou_kanji[],6,0),"") | S15: =IFERROR(VLOOKUP($L15&"_"&AD15,Final_manabou_kanji[],6,0),"") | T15: =IFERROR(VLOOKUP($L15&"_"&AE15,Final_manabou_kanji[],6,0),"") | W15: =IF(V15="",$W14,$V15) -> 1章3課 | X15: =IF($V15="",X14+8,X$1) -> 33 | Y15: =IF($V15="",Y14+8,Y$1) -> 34 | Z15: =IF($V15="",Z14+8,Z$1) -> 35 | AA15: =IF($V15="",AA14+8,AA$1) -> 36 | AB15: =IF($V15="",AB14+8,AB$1) -> 37 | AC15: =IF($V15="",AC14+8,AC$1) -> 38 | AD15: =IF($V15="",AD14+8,AD$1) -> 39 | AE15: =IF($V15="",AE14+8,AE$1) -> 40 | AH15: 22 | AI15: =$W15&X15 -> 1章3課33 | AJ15: =$W15&Y15 -> 1章3課34 | AK15: =$W15&Z15 -> 1章3課35 | AL15: =$W15&AA15 -> 1章3課36 | AM15: =$W15&AB15 -> 1章3課37 | AN15: =$W15&AC15 -> 1章3課38 | AO15: =$W15&AD15 -> 1章3課39 | AP15: =$W15&AE15 -> 1章3課40
A16: =IF($X16=1,$A15+1,$A15) -> 3 | B16: =IF(V16="",$B15,$V16) -> 1章3課 | C16: =IFERROR(VLOOKUP($B16&"_"&X16,Raw_data_N2_Kanji[[Receipe no]:[Receipe]],4,0),"") | D16: =IFERROR(VLOOKUP($B16&"_"&Y16,Raw_data_N2_Kanji[[Receipe no]:[Receipe]],4,0),"") | E16: =IFERROR(VLOOKUP($B16&"_"&Z16,Raw_data_N2_Kanji[[Receipe no]:[Receipe]],4,0),"") | F16: =IFERROR(VLOOKUP($B16&"_"&AA16,Raw_data_N2_Kanji[[Receipe no]:[Receipe]],4,0),"") | G16: =IFERROR(VLOOKUP($B16&"_"&AB16,Raw_data_N2_Kanji[[Receipe no]:[Receipe]],4,0),"") | H16: =IFERROR(VLOOKUP($B16&"_"&AC16,Raw_data_N2_Kanji[[Receipe no]:[Receipe]],4,0),"") | I16: =IFERROR(VLOOKUP($B16&"_"&AD16,Raw_data_N2_Kanji[[Receipe no]:[Receipe]],4,0),"") | J16: =IFERROR(VLOOKUP($B16&"_"&AE16,Raw_data_N2_Kanji[[Receipe no]:[Receipe]],4,0),"") | L16: =$W16 -> 1章3課 | M16: =IFERROR(VLOOKUP($L16&"_"&X16,Final_manabou_kanji[],6,0),"") | N16: =IFERROR(VLOOKUP($L16&"_"&Y16,Final_manabou_kanji[],6,0),"") | O16: =IFERROR(VLOOKUP($L16&"_"&Z16,Final_manabou_kanji[],6,0),"") | P16: =IFERROR(VLOOKUP($L16&"_"&AA16,Final_manabou_kanji[],6,0),"") | Q16: =IFERROR(VLOOKUP($L16&"_"&AB16,Final_manabou_kanji[],6,0),"") | R16: =IFERROR(VLOOKUP($L16&"_"&AC16,Final_manabou_kanji[],6,0),"") | S16: =IFERROR(VLOOKUP($L16&"_"&AD16,Final_manabou_kanji[],6,0),"") | T16: =IFERROR(VLOOKUP($L16&"_"&AE16,Final_manabou_kanji[],6,0),"") | W16: =IF(V16="",$W15,$V16) -> 1章3課 | X16: =IF($V16="",X15+8,X$1) -> 41 | Y16: =IF($V16="",Y15+8,Y$1) -> 42 | Z16: =IF($V16="",Z15+8,Z$1) -> 43 | AA16: =IF($V16="",AA15+8,AA$1) -> 44 | AB16: =IF($V16="",AB15+8,AB$1) -> 45 | AC16: =IF($V16="",AC15+8,AC$1) -> 46 | AD16: =IF($V16="",AD15+8,AD$1) -> 47 | AE16: =IF($V16="",AE15+8,AE$1) -> 48 | AH16: 23 | AI16: =$W16&X16 -> 1章3課41 | AJ16: =$W16&Y16 -> 1章3課42 | AK16: =$W16&Z16 -> 1章3課43 | AL16: =$W16&AA16 -> 1章3課44 | AM16: =$W16&AB16 -> 1章3課45 | AN16: =$W16&AC16 -> 1章3課46 | AO16: =$W16&AD16 -> 1章3課47 | AP16: =$W16&AE16 -> 1章3課48
A17: =IF($X17=1,$A16+1,$A16) -> 4 | B17: =IF(V17="",$B16,$V17) -> 1章4課 | C17: =IFERROR(VLOOKUP($B17&"_"&X17,Raw_data_N2_Kanji[[Receipe no]:[Receipe]],4,0),"") | D17: =IFERROR(VLOOKUP($B17&"_"&Y17,Raw_data_N2_Kanji[[Receipe no]:[Receipe]],4,0),"") | E17: =IFERROR(VLOOKUP($B17&"_"&Z17,Raw_data_N2_Kanji[[Receipe no]:[Receipe]],4,0),"") | F17: =IFERROR(VLOOKUP($B17&"_"&AA17,Raw_data_N2_Kanji[[Receipe no]:[Receipe]],4,0),"") | G17: =IFERROR(VLOOKUP($B17&"_"&AB17,Raw_data_N2_Kanji[[Receipe no]:[Receipe]],4,0),"") | H17: =IFERROR(VLOOKUP($B17&"_"&AC17,Raw_data_N2_Kanji[[Receipe no]:[Receipe]],4,0),"") | I17: =IFERROR(VLOOKUP($B17&"_"&AD17,Raw_data_N2_Kanji[[Receipe no]:[Receipe]],4,0),"") | J17: =IFERROR(VLOOKUP($B17&"_"&AE17,Raw_data_N2_Kanji[[Receipe no]:[Receipe]],4,0),"") | L17: =$W17 -> 1章4課 | M17: =IFERROR(VLOOKUP($L17&"_"&X17,Final_manabou_kanji[],6,0),"") | N17: =IFERROR(VLOOKUP($L17&"_"&Y17,Final_manabou_kanji[],6,0),"") | O17: =IFERROR(VLOOKUP($L17&"_"&Z17,Final_manabou_kanji[],6,0),"") | P17: =IFERROR(VLOOKUP($L17&"_"&AA17,Final_manabou_kanji[],6,0),"") | Q17: =IFERROR(VLOOKUP($L17&"_"&AB17,Final_manabou_kanji[],6,0),"") | R17: =IFERROR(VLOOKUP($L17&"_"&AC17,Final_manabou_kanji[],6,0),"") | S17: =IFERROR(VLOOKUP($L17&"_"&AD17,Final_manabou_kanji[],6,0),"") | T17: =IFERROR(VLOOKUP($L17&"_"&AE17,Final_manabou_kanji[],6,0),"") | V17: 1章4課 | W17: =IF(V17="",$W16,$V17) -> 1章4課 | X17: =IF($V17="",X16+8,X$1) -> 1 | Y17: =IF($V17="",Y16+8,Y$1) -> 2 | Z17: =IF($V17="",Z16+8,Z$1) -> 3 | AA17: =IF($V17="",AA16+8,AA$1) -> 4 | AB17: =IF($V17="",AB16+8,AB$1) -> 5 | AC17: =IF($V17="",AC16+8,AC$1) -> 6 | AD17: =IF($V17="",AD16+8,AD$1) -> 7 | AE17: =IF($V17="",AE16+8,AE$1) -> 8 | AH17: 23 | AI17: =$W17&X17 -> 1章4課1 | AJ17: =$W17&Y17 -> 1章4課2 | AK17: =$W17&Z17 -> 1章4課3 | AL17: =$W17&AA17 -> 1章4課4 | AM17: =$W17&AB17 -> 1章4課5 | AN17: =$W17&AC17 -> 1章4課6 | AO17: =$W17&AD17 -> 1章4課7 | AP17: =$W17&AE17 -> 1章4課8
A18: =IF($X18=1,$A17+1,$A17) -> 4 | B18: =IF(V18="",$B17,$V18) -> 1章4課 | C18: =IFERROR(VLOOKUP($B18&"_"&X18,Raw_data_N2_Kanji[[Receipe no]:[Receipe]],4,0),"") | D18: =IFERROR(VLOOKUP($B18&"_"&Y18,Raw_data_N2_Kanji[[Receipe no]:[Receipe]],4,0),"") | E18: =IFERROR(VLOOKUP($B18&"_"&Z18,Raw_data_N2_Kanji[[Receipe no]:[Receipe]],4,0),"") | F18: =IFERROR(VLOOKUP($B18&"_"&AA18,Raw_data_N2_Kanji[[Receipe no]:[Receipe]],4,0),"") | G18: =IFERROR(VLOOKUP($B18&"_"&AB18,Raw_data_N2_Kanji[[Receipe no]:[Receipe]],4,0),"") | H18: =IFERROR(VLOOKUP($B18&"_"&AC18,Raw_data_N2_Kanji[[Receipe no]:[Receipe]],4,0),"") | I18: =IFERROR(VLOOKUP($B18&"_"&AD18,Raw_data_N2_Kanji[[Receipe no]:[Receipe]],4,0),"") | J18: =IFERROR(VLOOKUP($B18&"_"&AE18,Raw_data_N2_Kanji[[Receipe no]:[Receipe]],4,0),"") | L18: =$W18 -> 1章4課 | M18: =IFERROR(VLOOKUP($L18&"_"&X18,Final_manabou_kanji[],6,0),"") | N18: =IFERROR(VLOOKUP($L18&"_"&Y18,Final_manabou_kanji[],6,0),"") | O18: =IFERROR(VLOOKUP($L18&"_"&Z18,Final_manabou_kanji[],6,0),"") | P18: =IFERROR(VLOOKUP($L18&"_"&AA18,Final_manabou_kanji[],6,0),"") | Q18: =IFERROR(VLOOKUP($L18&"_"&AB18,Final_manabou_kanji[],6,0),"") | R18: =IFERROR(VLOOKUP($L18&"_"&AC18,Final_manabou_kanji[],6,0),"") | S18: =IFERROR(VLOOKUP($L18&"_"&AD18,Final_manabou_kanji[],6,0),"") | T18: =IFERROR(VLOOKUP($L18&"_"&AE18,Final_manabou_kanji[],6,0),"") | W18: =IF(V18="",$W17,$V18) -> 1章4課 | X18: =IF($V18="",X17+8,X$1) -> 9 | Y18: =IF($V18="",Y17+8,Y$1) -> 10 | Z18: =IF($V18="",Z17+8,Z$1) -> 11 | AA18: =IF($V18="",AA17+8,AA$1) -> 12 | AB18: =IF($V18="",AB17+8,AB$1) -> 13 | AC18: =IF($V18="",AC17+8,AC$1) -> 14 | AD18: =IF($V18="",AD17+8,AD$1) -> 15 | AE18: =IF($V18="",AE17+8,AE$1) -> 16 | AH18: 23 | AI18: =$W18&X18 -> 1章4課9 | AJ18: =$W18&Y18 -> 1章4課10 | AK18: =$W18&Z18 -> 1章4課11 | AL18: =$W18&AA18 -> 1章4課12 | AM18: =$W18&AB18 -> 1章4課13 | AN18: =$W18&AC18 -> 1章4課14 | AO18: =$W18&AD18 -> 1章4課15 | AP18: =$W18&AE18 -> 1章4課16
A19: =IF($X19=1,$A18+1,$A18) -> 4 | B19: =IF(V19="",$B18,$V19) -> 1章4課 | C19: =IFERROR(VLOOKUP($B19&"_"&X19,Raw_data_N2_Kanji[[Receipe no]:[Receipe]],4,0),"") | D19: =IFERROR(VLOOKUP($B19&"_"&Y19,Raw_data_N2_Kanji[[Receipe no]:[Receipe]],4,0),"") | E19: =IFERROR(VLOOKUP($B19&"_"&Z19,Raw_data_N2_Kanji[[Receipe no]:[Receipe]],4,0),"") | F19: =IFERROR(VLOOKUP($B19&"_"&AA19,Raw_data_N2_Kanji[[Receipe no]:[Receipe]],4,0),"") | G19: =IFERROR(VLOOKUP($B19&"_"&AB19,Raw_data_N2_Kanji[[Receipe no]:[Receipe]],4,0),"") | H19: =IFERROR(VLOOKUP($B19&"_"&AC19,Raw_data_N2_Kanji[[Receipe no]:[Receipe]],4,0),"") | I19: =IFERROR(VLOOKUP($B19&"_"&AD19,Raw_data_N2_Kanji[[Receipe no]:[Receipe]],4,0),"") | J19: =IFERROR(VLOOKUP($B19&"_"&AE19,Raw_data_N2_Kanji[[Receipe no]:[Receipe]],4,0),"") | L19: =$W19 -> 1章4課 | M19: =IFERROR(VLOOKUP($L19&"_"&X19,Final_manabou_kanji[],6,0),"") | N19: =IFERROR(VLOOKUP($L19&"_"&Y19,Final_manabou_kanji[],6,0),"") | O19: =IFERROR(VLOOKUP($L19&"_"&Z19,Final_manabou_kanji[],6,0),"") | P19: =IFERROR(VLOOKUP($L19&"_"&AA19,Final_manabou_kanji[],6,0),"") | Q19: =IFERROR(VLOOKUP($L19&"_"&AB19,Final_manabou_kanji[],6,0),"") | R19: =IFERROR(VLOOKUP($L19&"_"&AC19,Final_manabou_kanji[],6,0),"") | S19: =IFERROR(VLOOKUP($L19&"_"&AD19,Final_manabou_kanji[],6,0),"") | T19: =IFERROR(VLOOKUP($L19&"_"&AE19,Final_manabou_kanji[],6,0),"") | W19: =IF(V19="",$W18,$V19) -> 1章4課 | X19: =IF($V19="",X18+8,X$1) -> 17 | Y19: =IF($V19="",Y18+8,Y$1) -> 18 | Z19: =IF($V19="",Z18+8,Z$1) -> 19 | AA19: =IF($V19="",AA18+8,AA$1) -> 20 | AB19: =IF($V19="",AB18+8,AB$1) -> 21 | AC19: =IF($V19="",AC18+8,AC$1) -> 22 | AD19: =IF($V19="",AD18+8,AD$1) -> 23 | AE19: =IF($V19="",AE18+8,AE$1) -> 24 | AH19: 23 | AI19: =$W19&X19 -> 1章4課17 | AJ19: =$W19&Y19 -> 1章4課18 | AK19: =$W19&Z19 -> 1章4課19 | AL19: =$W19&AA19 -> 1章4課20 | AM19: =$W19&AB19 -> 1章4課21 | AN19: =$W19&AC19 -> 1章4課22 | AO19: =$W19&AD19 -> 1章4課23 | AP19: =$W19&AE19 -> 1章4課24
A20: =IF($X20=1,$A19+1,$A19) -> 4 | B20: =IF(V20="",$B19,$V20) -> 1章4課 | C20: =IFERROR(VLOOKUP($B20&"_"&X20,Raw_data_N2_Kanji[[Receipe no]:[Receipe]],4,0),"") | D20: =IFERROR(VLOOKUP($B20&"_"&Y20,Raw_data_N2_Kanji[[Receipe no]:[Receipe]],4,0),"") | E20: =IFERROR(VLOOKUP($B20&"_"&Z20,Raw_data_N2_Kanji[[Receipe no]:[Receipe]],4,0),"") | F20: =IFERROR(VLOOKUP($B20&"_"&AA20,Raw_data_N2_Kanji[[Receipe no]:[Receipe]],4,0),"") | G20: =IFERROR(VLOOKUP($B20&"_"&AB20,Raw_data_N2_Kanji[[Receipe no]:[Receipe]],4,0),"") | H20: =IFERROR(VLOOKUP($B20&"_"&AC20,Raw_data_N2_Kanji[[Receipe no]:[Receipe]],4,0),"") | I20: =IFERROR(VLOOKUP($B20&"_"&AD20,Raw_data_N2_Kanji[[Receipe no]:[Receipe]],4,0),"") | J20: =IFERROR(VLOOKUP($B20&"_"&AE20,Raw_data_N2_Kanji[[Receipe no]:[Receipe]],4,0),"") | L20: =$W20 -> 1章4課 | M20: =IFERROR(VLOOKUP($L20&"_"&X20,Final_manabou_kanji[],6,0),"") | N20: =IFERROR(VLOOKUP($L20&"_"&Y20,Final_manabou_kanji[],6,0),"") | O20: =IFERROR(VLOOKUP($L20&"_"&Z20,Final_manabou_kanji[],6,0),"") | P20: =IFERROR(VLOOKUP($L20&"_"&AA20,Final_manabou_kanji[],6,0),"") | Q20: =IFERROR(VLOOKUP($L20&"_"&AB20,Final_manabou_kanji[],6,0),"") | R20: =IFERROR(VLOOKUP($L20&"_"&AC20,Final_manabou_kanji[],6,0),"") | S20: =IFERROR(VLOOKUP($L20&"_"&AD20,Final_manabou_kanji[],6,0),"") | T20: =IFERROR(VLOOKUP($L20&"_"&AE20,Final_manabou_kanji[],6,0),"") | W20: =IF(V20="",$W19,$V20) -> 1章4課 | X20: =IF($V20="",X19+8,X$1) -> 25 | Y20: =IF($V20="",Y19+8,Y$1) -> 26 | Z20: =IF($V20="",Z19+8,Z$1) -> 27 | AA20: =IF($V20="",AA19+8,AA$1) -> 28 | AB20: =IF($V20="",AB19+8,AB$1) -> 29 | AC20: =IF($V20="",AC19+8,AC$1) -> 30 | AD20: =IF($V20="",AD19+8,AD$1) -> 31 | AE20: =IF($V20="",AE19+8,AE$1) -> 32 | AH20: 23 | AI20: =$W20&X20 -> 1章4課25 | AJ20: =$W20&Y20 -> 1章4課26 | AK20: =$W20&Z20 -> 1章4課27 | AL20: =$W20&AA20 -> 1章4課28 | AM20: =$W20&AB20 -> 1章4課29 | AN20: =$W20&AC20 -> 1章4課30 | AO20: =$W20&AD20 -> 1章4課31 | AP20: =$W20&AE20 -> 1章4課32
A21: =IF($X21=1,$A20+1,$A20) -> 5 | B21: =IF(V21="",$B20,$V21) -> 2章1課 | C21: =IFERROR(VLOOKUP($B21&"_"&X21,Raw_data_N2_Kanji[[Receipe no]:[Receipe]],4,0),"") | D21: =IFERROR(VLOOKUP($B21&"_"&Y21,Raw_data_N2_Kanji[[Receipe no]:[Receipe]],4,0),"") | E21: =IFERROR(VLOOKUP($B21&"_"&Z21,Raw_data_N2_Kanji[[Receipe no]:[Receipe]],4,0),"") | F21: =IFERROR(VLOOKUP($B21&"_"&AA21,Raw_data_N2_Kanji[[Receipe no]:[Receipe]],4,0),"") | G21: =IFERROR(VLOOKUP($B21&"_"&AB21,Raw_data_N2_Kanji[[Receipe no]:[Receipe]],4,0),"") | H21: =IFERROR(VLOOKUP($B21&"_"&AC21,Raw_data_N2_Kanji[[Receipe no]:[Receipe]],4,0),"") | I21: =IFERROR(VLOOKUP($B21&"_"&AD21,Raw_data_N2_Kanji[[Receipe no]:[Receipe]],4,0),"") | J21: =IFERROR(VLOOKUP($B21&"_"&AE21,Raw_data_N2_Kanji[[Receipe no]:[Receipe]],4,0),"") | L21: =$W21 -> 2章1課 | M21: =IFERROR(VLOOKUP($L21&"_"&X21,Final_manabou_kanji[],6,0),"") | N21: =IFERROR(VLOOKUP($L21&"_"&Y21,Final_manabou_kanji[],6,0),"") | O21: =IFERROR(VLOOKUP($L21&"_"&Z21,Final_manabou_kanji[],6,0),"") | P21: =IFERROR(VLOOKUP($L21&"_"&AA21,Final_manabou_kanji[],6,0),"") | Q21: =IFERROR(VLOOKUP($L21&"_"&AB21,Final_manabou_kanji[],6,0),"") | R21: =IFERROR(VLOOKUP($L21&"_"&AC21,Final_manabou_kanji[],6,0),"") | S21: =IFERROR(VLOOKUP($L21&"_"&AD21,Final_manabou_kanji[],6,0),"") | T21: =IFERROR(VLOOKUP($L21&"_"&AE21,Final_manabou_kanji[],6,0),"") | V21: 2章1課 | W21: =IF(V21="",$W20,$V21) -> 2章1課 | X21: =IF($V21="",X20+8,X$1) -> 1 | Y21: =IF($V21="",Y20+8,Y$1) -> 2 | Z21: =IF($V21="",Z20+8,Z$1) -> 3 | AA21: =IF($V21="",AA20+8,AA$1) -> 4 | AB21: =IF($V21="",AB20+8,AB$1) -> 5 | AC21: =IF($V21="",AC20+8,AC$1) -> 6 | AD21: =IF($V21="",AD20+8,AD$1) -> 7 | AE21: =IF($V21="",AE20+8,AE$1) -> 8 | AH21: 23 | AI21: =$W21&X21 -> 2章1課1 | AJ21: =$W21&Y21 -> 2章1課2 | AK21: =$W21&Z21 -> 2章1課3 | AL21: =$W21&AA21 -> 2章1課4 | AM21: =$W21&AB21 -> 2章1課5 | AN21: =$W21&AC21 -> 2章1課6 | AO21: =$W21&AD21 -> 2章1課7 | AP21: =$W21&AE21 -> 2章1課8
A22: =IF($X22=1,$A21+1,$A21) -> 5 | B22: =IF(V22="",$B21,$V22) -> 2章1課 | C22: =IFERROR(VLOOKUP($B22&"_"&X22,Raw_data_N2_Kanji[[Receipe no]:[Receipe]],4,0),"") | D22: =IFERROR(VLOOKUP($B22&"_"&Y22,Raw_data_N2_Kanji[[Receipe no]:[Receipe]],4,0),"") | E22: =IFERROR(VLOOKUP($B22&"_"&Z22,Raw_data_N2_Kanji[[Receipe no]:[Receipe]],4,0),"") | F22: =IFERROR(VLOOKUP($B22&"_"&AA22,Raw_data_N2_Kanji[[Receipe no]:[Receipe]],4,0),"") | G22: =IFERROR(VLOOKUP($B22&"_"&AB22,Raw_data_N2_Kanji[[Receipe no]:[Receipe]],4,0),"") | H22: =IFERROR(VLOOKUP($B22&"_"&AC22,Raw_data_N2_Kanji[[Receipe no]:[Receipe]],4,0),"") | I22: =IFERROR(VLOOKUP($B22&"_"&AD22,Raw_data_N2_Kanji[[Receipe no]:[Receipe]],4,0),"") | J22: =IFERROR(VLOOKUP($B22&"_"&AE22,Raw_data_N2_Kanji[[Receipe no]:[Receipe]],4,0),"") | L22: =$W22 -> 2章1課 | M22: =IFERROR(VLOOKUP($L22&"_"&X22,Final_manabou_kanji[],6,0),"") | N22: =IFERROR(VLOOKUP($L22&"_"&Y22,Final_manabou_kanji[],6,0),"") | O22: =IFERROR(VLOOKUP($L22&"_"&Z22,Final_manabou_kanji[],6,0),"") | P22: =IFERROR(VLOOKUP($L22&"_"&AA22,Final_manabou_kanji[],6,0),"") | Q22: =IFERROR(VLOOKUP($L22&"_"&AB22,Final_manabou_kanji[],6,0),"") | R22: =IFERROR(VLOOKUP($L22&"_"&AC22,Final_manabou_kanji[],6,0),"") | S22: =IFERROR(VLOOKUP($L22&"_"&AD22,Final_manabou_kanji[],6,0),"") | T22: =IFERROR(VLOOKUP($L22&"_"&AE22,Final_manabou_kanji[],6,0),"") | W22: =IF(V22="",$W21,$V22) -> 2章1課 | X22: =IF($V22="",X21+8,X$1) -> 9 | Y22: =IF($V22="",Y21+8,Y$1) -> 10 | Z22: =IF($V22="",Z21+8,Z$1) -> 11 | AA22: =IF($V22="",AA21+8,AA$1) -> 12 | AB22: =IF($V22="",AB21+8,AB$1) -> 13 | AC22: =IF($V22="",AC21+8,AC$1) -> 14 | AD22: =IF($V22="",AD21+8,AD$1) -> 15 | AE22: =IF($V22="",AE21+8,AE$1) -> 16 | AH22: 23 | AI22: =$W22&X22 -> 2章1課9 | AJ22: =$W22&Y22 -> 2章1課10 | AK22: =$W22&Z22 -> 2章1課11 | AL22: =$W22&AA22 -> 2章1課12 | AM22: =$W22&AB22 -> 2章1課13 | AN22: =$W22&AC22 -> 2章1課14 | AO22: =$W22&AD22 -> 2章1課15 | AP22: =$W22&AE22 -> 2章1課16
A23: =IF($X23=1,$A22+1,$A22) -> 5 | B23: =IF(V23="",$B22,$V23) -> 2章1課 | C23: =IFERROR(VLOOKUP($B23&"_"&X23,Raw_data_N2_Kanji[[Receipe no]:[Receipe]],4,0),"") | D23: =IFERROR(VLOOKUP($B23&"_"&Y23,Raw_data_N2_Kanji[[Receipe no]:[Receipe]],4,0),"") | E23: =IFERROR(VLOOKUP($B23&"_"&Z23,Raw_data_N2_Kanji[[Receipe no]:[Receipe]],4,0),"") | F23: =IFERROR(VLOOKUP($B23&"_"&AA23,Raw_data_N2_Kanji[[Receipe no]:[Receipe]],4,0),"") | G23: =IFERROR(VLOOKUP($B23&"_"&AB23,Raw_data_N2_Kanji[[Receipe no]:[Receipe]],4,0),"") | H23: =IFERROR(VLOOKUP($B23&"_"&AC23,Raw_data_N2_Kanji[[Receipe no]:[Receipe]],4,0),"") | I23: =IFERROR(VLOOKUP($B23&"_"&AD23,Raw_data_N2_Kanji[[Receipe no]:[Receipe]],4,0),"") | J23: =IFERROR(VLOOKUP($B23&"_"&AE23,Raw_data_N2_Kanji[[Receipe no]:[Receipe]],4,0),"") | L23: =$W23 -> 2章1課 | M23: =IFERROR(VLOOKUP($L23&"_"&X23,Final_manabou_kanji[],6,0),"") | N23: =IFERROR(VLOOKUP($L23&"_"&Y23,Final_manabou_kanji[],6,0),"") | O23: =IFERROR(VLOOKUP($L23&"_"&Z23,Final_manabou_kanji[],6,0),"") | P23: =IFERROR(VLOOKUP($L23&"_"&AA23,Final_manabou_kanji[],6,0),"") | Q23: =IFERROR(VLOOKUP($L23&"_"&AB23,Final_manabou_kanji[],6,0),"") | R23: =IFERROR(VLOOKUP($L23&"_"&AC23,Final_manabou_kanji[],6,0),"") | S23: =IFERROR(VLOOKUP($L23&"_"&AD23,Final_manabou_kanji[],6,0),"") | T23: =IFERROR(VLOOKUP($L23&"_"&AE23,Final_manabou_kanji[],6,0),"") | W23: =IF(V23="",$W22,$V23) -> 2章1課 | X23: =IF($V23="",X22+8,X$1) -> 17 | Y23: =IF($V23="",Y22+8,Y$1) -> 18 | Z23: =IF($V23="",Z22+8,Z$1) -> 19 | AA23: =IF($V23="",AA22+8,AA$1) -> 20 | AB23: =IF($V23="",AB22+8,AB$1) -> 21 | AC23: =IF($V23="",AC22+8,AC$1) -> 22 | AD23: =IF($V23="",AD22+8,AD$1) -> 23 | AE23: =IF($V23="",AE22+8,AE$1) -> 24 | AH23: 24 | AI23: =$W23&X23 -> 2章1課17 | AJ23: =$W23&Y23 -> 2章1課18 | AK23: =$W23&Z23 -> 2章1課19 | AL23: =$W23&AA23 -> 2章1課20 | AM23: =$W23&AB23 -> 2章1課21 | AN23: =$W23&AC23 -> 2章1課22 | AO23: =$W23&AD23 -> 2章1課23 | AP23: =$W23&AE23 -> 2章1課24
A24: =IF($X24=1,$A23+1,$A23) -> 5 | B24: =IF(V24="",$B23,$V24) -> 2章1課 | C24: =IFERROR(VLOOKUP($B24&"_"&X24,Raw_data_N2_Kanji[[Receipe no]:[Receipe]],4,0),"") | D24: =IFERROR(VLOOKUP($B24&"_"&Y24,Raw_data_N2_Kanji[[Receipe no]:[Receipe]],4,0),"") | E24: =IFERROR(VLOOKUP($B24&"_"&Z24,Raw_data_N2_Kanji[[Receipe no]:[Receipe]],4,0),"") | F24: =IFERROR(VLOOKUP($B24&"_"&AA24,Raw_data_N2_Kanji[[Receipe no]:[Receipe]],4,0),"") | G24: =IFERROR(VLOOKUP($B24&"_"&AB24,Raw_data_N2_Kanji[[Receipe no]:[Receipe]],4,0),"") | H24: =IFERROR(VLOOKUP($B24&"_"&AC24,Raw_data_N2_Kanji[[Receipe no]:[Receipe]],4,0),"") | I24: =IFERROR(VLOOKUP($B24&"_"&AD24,Raw_data_N2_Kanji[[Receipe no]:[Receipe]],4,0),"") | J24: =IFERROR(VLOOKUP($B24&"_"&AE24,Raw_data_N2_Kanji[[Receipe no]:[Receipe]],4,0),"") | L24: =$W24 -> 2章1課 | M24: =IFERROR(VLOOKUP($L24&"_"&X24,Final_manabou_kanji[],6,0),"") | N24: =IFERROR(VLOOKUP($L24&"_"&Y24,Final_manabou_kanji[],6,0),"") | O24: =IFERROR(VLOOKUP($L24&"_"&Z24,Final_manabou_kanji[],6,0),"") | P24: =IFERROR(VLOOKUP($L24&"_"&AA24,Final_manabou_kanji[],6,0),"") | Q24: =IFERROR(VLOOKUP($L24&"_"&AB24,Final_manabou_kanji[],6,0),"") | R24: =IFERROR(VLOOKUP($L24&"_"&AC24,Final_manabou_kanji[],6,0),"") | S24: =IFERROR(VLOOKUP($L24&"_"&AD24,Final_manabou_kanji[],6,0),"") | T24: =IFERROR(VLOOKUP($L24&"_"&AE24,Final_manabou_kanji[],6,0),"") | W24: =IF(V24="",$W23,$V24) -> 2章1課 | X24: =IF($V24="",X23+8,X$1) -> 25 | Y24: =IF($V24="",Y23+8,Y$1) -> 26 | Z24: =IF($V24="",Z23+8,Z$1) -> 27 | AA24: =IF($V24="",AA23+8,AA$1) -> 28 | AB24: =IF($V24="",AB23+8,AB$1) -> 29 | AC24: =IF($V24="",AC23+8,AC$1) -> 30 | AD24: =IF($V24="",AD23+8,AD$1) -> 31 | AE24: =IF($V24="",AE23+8,AE$1) -> 32 | AH24: 24 | AI24: =$W24&X24 -> 2章1課25 | AJ24: =$W24&Y24 -> 2章1課26 | AK24: =$W24&Z24 -> 2章1課27 | AL24: =$W24&AA24 -> 2章1課28 | AM24: =$W24&AB24 -> 2章1課29 | AN24: =$W24&AC24 -> 2章1課30 | AO24: =$W24&AD24 -> 2章1課31 | AP24: =$W24&AE24 -> 2章1課32
A25: =IF($X25=1,$A24+1,$A24) -> 5 | B25: =IF(V25="",$B24,$V25) -> 2章1課 | C25: =IFERROR(VLOOKUP($B25&"_"&X25,Raw_data_N2_Kanji[[Receipe no]:[Receipe]],4,0),"") | D25: =IFERROR(VLOOKUP($B25&"_"&Y25,Raw_data_N2_Kanji[[Receipe no]:[Receipe]],4,0),"") | E25: =IFERROR(VLOOKUP($B25&"_"&Z25,Raw_data_N2_Kanji[[Receipe no]:[Receipe]],4,0),"") | F25: =IFERROR(VLOOKUP($B25&"_"&AA25,Raw_data_N2_Kanji[[Receipe no]:[Receipe]],4,0),"") | G25: =IFERROR(VLOOKUP($B25&"_"&AB25,Raw_data_N2_Kanji[[Receipe no]:[Receipe]],4,0),"") | H25: =IFERROR(VLOOKUP($B25&"_"&AC25,Raw_data_N2_Kanji[[Receipe no]:[Receipe]],4,0),"") | I25: =IFERROR(VLOOKUP($B25&"_"&AD25,Raw_data_N2_Kanji[[Receipe no]:[Receipe]],4,0),"") | J25: =IFERROR(VLOOKUP($B25&"_"&AE25,Raw_data_N2_Kanji[[Receipe no]:[Receipe]],4,0),"") | L25: =$W25 -> 2章1課 | M25: =IFERROR(VLOOKUP($L25&"_"&X25,Final_manabou_kanji[],6,0),"") | N25: =IFERROR(VLOOKUP($L25&"_"&Y25,Final_manabou_kanji[],6,0),"") | O25: =IFERROR(VLOOKUP($L25&"_"&Z25,Final_manabou_kanji[],6,0),"") | P25: =IFERROR(VLOOKUP($L25&"_"&AA25,Final_manabou_kanji[],6,0),"") | Q25: =IFERROR(VLOOKUP($L25&"_"&AB25,Final_manabou_kanji[],6,0),"") | R25: =IFERROR(VLOOKUP($L25&"_"&AC25,Final_manabou_kanji[],6,0),"") | S25: =IFERROR(VLOOKUP($L25&"_"&AD25,Final_manabou_kanji[],6,0),"") | T25: =IFERROR(VLOOKUP($L25&"_"&AE25,Final_manabou_kanji[],6,0),"") | W25: =IF(V25="",$W24,$V25) -> 2章1課 | X25: =IF($V25="",X24+8,X$1) -> 33 | Y25: =IF($V25="",Y24+8,Y$1) -> 34 | Z25: =IF($V25="",Z24+8,Z$1) -> 35 | AA25: =IF($V25="",AA24+8,AA$1) -> 36 | AB25: =IF($V25="",AB24+8,AB$1) -> 37 | AC25: =IF($V25="",AC24+8,AC$1) -> 38 | AD25: =IF($V25="",AD24+8,AD$1) -> 39 | AE25: =IF($V25="",AE24+8,AE$1) -> 40 | AH25: 24 | AI25: =$W25&X25 -> 2章1課33 | AJ25: =$W25&Y25 -> 2章1課34 | AK25: =$W25&Z25 -> 2章1課35 | AL25: =$W25&AA25 -> 2章1課36 | AM25: =$W25&AB25 -> 2章1課37 | AN25: =$W25&AC25 -> 2章1課38 | AO25: =$W25&AD25 -> 2章1課39 | AP25: =$W25&AE25 -> 2章1課40
A26: =IF($X26=1,$A25+1,$A25) -> 5 | B26: =IF(V26="",$B25,$V26) -> 2章1課 | C26: =IFERROR(VLOOKUP($B26&"_"&X26,Raw_data_N2_Kanji[[Receipe no]:[Receipe]],4,0),"") | D26: =IFERROR(VLOOKUP($B26&"_"&Y26,Raw_data_N2_Kanji[[Receipe no]:[Receipe]],4,0),"") | E26: =IFERROR(VLOOKUP($B26&"_"&Z26,Raw_data_N2_Kanji[[Receipe no]:[Receipe]],4,0),"") | F26: =IFERROR(VLOOKUP($B26&"_"&AA26,Raw_data_N2_Kanji[[Receipe no]:[Receipe]],4,0),"") | G26: =IFERROR(VLOOKUP($B26&"_"&AB26,Raw_data_N2_Kanji[[Receipe no]:[Receipe]],4,0),"") | H26: =IFERROR(VLOOKUP($B26&"_"&AC26,Raw_data_N2_Kanji[[Receipe no]:[Receipe]],4,0),"") | I26: =IFERROR(VLOOKUP($B26&"_"&AD26,Raw_data_N2_Kanji[[Receipe no]:[Receipe]],4,0),"") | J26: =IFERROR(VLOOKUP($B26&"_"&AE26,Raw_data_N2_Kanji[[Receipe no]:[Receipe]],4,0),"") | L26: =$W26 -> 2章1課 | M26: =IFERROR(VLOOKUP($L26&"_"&X26,Final_manabou_kanji[],6,0),"") | N26: =IFERROR(VLOOKUP($L26&"_"&Y26,Final_manabou_kanji[],6,0),"") | O26: =IFERROR(VLOOKUP($L26&"_"&Z26,Final_manabou_kanji[],6,0),"") | P26: =IFERROR(VLOOKUP($L26&"_"&AA26,Final_manabou_kanji[],6,0),"") | Q26: =IFERROR(VLOOKUP($L26&"_"&AB26,Final_manabou_kanji[],6,0),"") | R26: =IFERROR(VLOOKUP($L26&"_"&AC26,Final_manabou_kanji[],6,0),"") | S26: =IFERROR(VLOOKUP($L26&"_"&AD26,Final_manabou_kanji[],6,0),"") | T26: =IFERROR(VLOOKUP($L26&"_"&AE26,Final_manabou_kanji[],6,0),"") | W26: =IF(V26="",$W25,$V26) -> 2章1課 | X26: =IF($V26="",X25+8,X$1) -> 41 | Y26: =IF($V26="",Y25+8,Y$1) -> 42 | Z26: =IF($V26="",Z25+8,Z$1) -> 43 | AA26: =IF($V26="",AA25+8,AA$1) -> 44 | AB26: =IF($V26="",AB25+8,AB$1) -> 45 | AC26: =IF($V26="",AC25+8,AC$1) -> 46 | AD26: =IF($V26="",AD25+8,AD$1) -> 47 | AE26: =IF($V26="",AE25+8,AE$1) -> 48 | AH26: 24 | AI26: =$W26&X26 -> 2章1課41 | AJ26: =$W26&Y26 -> 2章1課42 | AK26: =$W26&Z26 -> 2章1課43 | AL26: =$W26&AA26 -> 2章1課44 | AM26: =$W26&AB26 -> 2章1課45 | AN26: =$W26&AC26 -> 2章1課46 | AO26: =$W26&AD26 -> 2章1課47 | AP26: =$W26&AE26 -> 2章1課48
A27: =IF($X27=1,$A26+1,$A26) -> 6 | B27: =IF(V27="",$B26,$V27) -> 2章2課 | C27: =IFERROR(VLOOKUP($B27&"_"&X27,Raw_data_N2_Kanji[[Receipe no]:[Receipe]],4,0),"") | D27: =IFERROR(VLOOKUP($B27&"_"&Y27,Raw_data_N2_Kanji[[Receipe no]:[Receipe]],4,0),"") | E27: =IFERROR(VLOOKUP($B27&"_"&Z27,Raw_data_N2_Kanji[[Receipe no]:[Receipe]],4,0),"") | F27: =IFERROR(VLOOKUP($B27&"_"&AA27,Raw_data_N2_Kanji[[Receipe no]:[Receipe]],4,0),"") | G27: =IFERROR(VLOOKUP($B27&"_"&AB27,Raw_data_N2_Kanji[[Receipe no]:[Receipe]],4,0),"") | H27: =IFERROR(VLOOKUP($B27&"_"&AC27,Raw_data_N2_Kanji[[Receipe no]:[Receipe]],4,0),"") | I27: =IFERROR(VLOOKUP($B27&"_"&AD27,Raw_data_N2_Kanji[[Receipe no]:[Receipe]],4,0),"") | J27: =IFERROR(VLOOKUP($B27&"_"&AE27,Raw_data_N2_Kanji[[Receipe no]:[Receipe]],4,0),"") | L27: =$W27 -> 2章2課 | M27: =IFERROR(VLOOKUP($L27&"_"&X27,Final_manabou_kanji[],6,0),"") | N27: =IFERROR(VLOOKUP($L27&"_"&Y27,Final_manabou_kanji[],6,0),"") | O27: =IFERROR(VLOOKUP($L27&"_"&Z27,Final_manabou_kanji[],6,0),"") | P27: =IFERROR(VLOOKUP($L27&"_"&AA27,Final_manabou_kanji[],6,0),"") | Q27: =IFERROR(VLOOKUP($L27&"_"&AB27,Final_manabou_kanji[],6,0),"") | R27: =IFERROR(VLOOKUP($L27&"_"&AC27,Final_manabou_kanji[],6,0),"") | S27: =IFERROR(VLOOKUP($L27&"_"&AD27,Final_manabou_kanji[],6,0),"") | T27: =IFERROR(VLOOKUP($L27&"_"&AE27,Final_manabou_kanji[],6,0),"") | V27: 2章2課 | W27: =IF(V27="",$W26,$V27) -> 2章2課 | X27: =IF($V27="",X26+8,X$1) -> 1 | Y27: =IF($V27="",Y26+8,Y$1) -> 2 | Z27: =IF($V27="",Z26+8,Z$1) -> 3 | AA27: =IF($V27="",AA26+8,AA$1) -> 4 | AB27: =IF($V27="",AB26+8,AB$1) -> 5 | AC27: =IF($V27="",AC26+8,AC$1) -> 6 | AD27: =IF($V27="",AD26+8,AD$1) -> 7 | AE27: =IF($V27="",AE26+8,AE$1) -> 8 | AH27: 24 | AI27: =$W27&X27 -> 2章2課1 | AJ27: =$W27&Y27 -> 2章2課2 | AK27: =$W27&Z27 -> 2章2課3 | AL27: =$W27&AA27 -> 2章2課4 | AM27: =$W27&AB27 -> 2章2課5 | AN27: =$W27&AC27 -> 2章2課6 | AO27: =$W27&AD27 -> 2章2課7 | AP27: =$W27&AE27 -> 2章2課8
A28: =IF($X28=1,$A27+1,$A27) -> 6 | B28: =IF(V28="",$B27,$V28) -> 2章2課 | C28: =IFERROR(VLOOKUP($B28&"_"&X28,Raw_data_N2_Kanji[[Receipe no]:[Receipe]],4,0),"") | D28: =IFERROR(VLOOKUP($B28&"_"&Y28,Raw_data_N2_Kanji[[Receipe no]:[Receipe]],4,0),"") | E28: =IFERROR(VLOOKUP($B28&"_"&Z28,Raw_data_N2_Kanji[[Receipe no]:[Receipe]],4,0),"") | F28: =IFERROR(VLOOKUP($B28&"_"&AA28,Raw_data_N2_Kanji[[Receipe no]:[Receipe]],4,0),"") | G28: =IFERROR(VLOOKUP($B28&"_"&AB28,Raw_data_N2_Kanji[[Receipe no]:[Receipe]],4,0),"") | H28: =IFERROR(VLOOKUP($B28&"_"&AC28,Raw_data_N2_Kanji[[Receipe no]:[Receipe]],4,0),"") | I28: =IFERROR(VLOOKUP($B28&"_"&AD28,Raw_data_N2_Kanji[[Receipe no]:[Receipe]],4,0),"") | J28: =IFERROR(VLOOKUP($B28&"_"&AE28,Raw_data_N2_Kanji[[Receipe no]:[Receipe]],4,0),"") | L28: =$W28 -> 2章2課 | M28: =IFERROR(VLOOKUP($L28&"_"&X28,Final_manabou_kanji[],6,0),"") | N28: =IFERROR(VLOOKUP($L28&"_"&Y28,Final_manabou_kanji[],6,0),"") | O28: =IFERROR(VLOOKUP($L28&"_"&Z28,Final_manabou_kanji[],6,0),"") | P28: =IFERROR(VLOOKUP($L28&"_"&AA28,Final_manabou_kanji[],6,0),"") | Q28: =IFERROR(VLOOKUP($L28&"_"&AB28,Final_manabou_kanji[],6,0),"") | R28: =IFERROR(VLOOKUP($L28&"_"&AC28,Final_manabou_kanji[],6,0),"") | S28: =IFERROR(VLOOKUP($L28&"_"&AD28,Final_manabou_kanji[],6,0),"") | T28: =IFERROR(VLOOKUP($L28&"_"&AE28,Final_manabou_kanji[],6,0),"") | W28: =IF(V28="",$W27,$V28) -> 2章2課 | X28: =IF($V28="",X27+8,X$1) -> 9 | Y28: =IF($V28="",Y27+8,Y$1) -> 10 | Z28: =IF($V28="",Z27+8,Z$1) -> 11 | AA28: =IF($V28="",AA27+8,AA$1) -> 12 | AB28: =IF($V28="",AB27+8,AB$1) -> 13 | AC28: =IF($V28="",AC27+8,AC$1) -> 14 | AD28: =IF($V28="",AD27+8,AD$1) -> 15 | AE28: =IF($V28="",AE27+8,AE$1) -> 16 | AH28: 24 | AI28: =$W28&X28 -> 2章2課9 | AJ28: =$W28&Y28 -> 2章2課10 | AK28: =$W28&Z28 -> 2章2課11 | AL28: =$W28&AA28 -> 2章2課12 | AM28: =$W28&AB28 -> 2章2課13 | AN28: =$W28&AC28 -> 2章2課14 | AO28: =$W28&AD28 -> 2章2課15 | AP28: =$W28&AE28 -> 2章2課16
A29: =IF($X29=1,$A28+1,$A28) -> 6 | B29: =IF(V29="",$B28,$V29) -> 2章2課 | C29: =IFERROR(VLOOKUP($B29&"_"&X29,Raw_data_N2_Kanji[[Receipe no]:[Receipe]],4,0),"") | D29: =IFERROR(VLOOKUP($B29&"_"&Y29,Raw_data_N2_Kanji[[Receipe no]:[Receipe]],4,0),"") | E29: =IFERROR(VLOOKUP($B29&"_"&Z29,Raw_data_N2_Kanji[[Receipe no]:[Receipe]],4,0),"") | F29: =IFERROR(VLOOKUP($B29&"_"&AA29,Raw_data_N2_Kanji[[Receipe no]:[Receipe]],4,0),"") | G29: =IFERROR(VLOOKUP($B29&"_"&AB29,Raw_data_N2_Kanji[[Receipe no]:[Receipe]],4,0),"") | H29: =IFERROR(VLOOKUP($B29&"_"&AC29,Raw_data_N2_Kanji[[Receipe no]:[Receipe]],4,0),"") | I29: =IFERROR(VLOOKUP($B29&"_"&AD29,Raw_data_N2_Kanji[[Receipe no]:[Receipe]],4,0),"") | J29: =IFERROR(VLOOKUP($B29&"_"&AE29,Raw_data_N2_Kanji[[Receipe no]:[Receipe]],4,0),"") | L29: =$W29 -> 2章2課 | M29: =IFERROR(VLOOKUP($L29&"_"&X29,Final_manabou_kanji[],6,0),"") | N29: =IFERROR(VLOOKUP($L29&"_"&Y29,Final_manabou_kanji[],6,0),"") | O29: =IFERROR(VLOOKUP($L29&"_"&Z29,Final_manabou_kanji[],6,0),"") | P29: =IFERROR(VLOOKUP($L29&"_"&AA29,Final_manabou_kanji[],6,0),"") | Q29: =IFERROR(VLOOKUP($L29&"_"&AB29,Final_manabou_kanji[],6,0),"") | R29: =IFERROR(VLOOKUP($L29&"_"&AC29,Final_manabou_kanji[],6,0),"") | S29: =IFERROR(VLOOKUP($L29&"_"&AD29,Final_manabou_kanji[],6,0),"") | T29: =IFERROR(VLOOKUP($L29&"_"&AE29,Final_manabou_kanji[],6,0),"") | W29: =IF(V29="",$W28,$V29) -> 2章2課 | X29: =IF($V29="",X28+8,X$1) -> 17 | Y29: =IF($V29="",Y28+8,Y$1) -> 18 | Z29: =IF($V29="",Z28+8,Z$1) -> 19 | AA29: =IF($V29="",AA28+8,AA$1) -> 20 | AB29: =IF($V29="",AB28+8,AB$1) -> 21 | AC29: =IF($V29="",AC28+8,AC$1) -> 22 | AD29: =IF($V29="",AD28+8,AD$1) -> 23 | AE29: =IF($V29="",AE28+8,AE$1) -> 24 | AH29: 24 | AI29: =$W29&X29 -> 2章2課17 | AJ29: =$W29&Y29 -> 2章2課18 | AK29: =$W29&Z29 -> 2章2課19 | AL29: =$W29&AA29 -> 2章2課20 | AM29: =$W29&AB29 -> 2章2課21 | AN29: =$W29&AC29 -> 2章2課22 | AO29: =$W29&AD29 -> 2章2課23 | AP29: =$W29&AE29 -> 2章2課24
A30: =IF($X30=1,$A29+1,$A29) -> 6 | B30: =IF(V30="",$B29,$V30) -> 2章2課 | C30: =IFERROR(VLOOKUP($B30&"_"&X30,Raw_data_N2_Kanji[[Receipe no]:[Receipe]],4,0),"") | D30: =IFERROR(VLOOKUP($B30&"_"&Y30,Raw_data_N2_Kanji[[Receipe no]:[Receipe]],4,0),"") | E30: =IFERROR(VLOOKUP($B30&"_"&Z30,Raw_data_N2_Kanji[[Receipe no]:[Receipe]],4,0),"") | F30: =IFERROR(VLOOKUP($B30&"_"&AA30,Raw_data_N2_Kanji[[Receipe no]:[Receipe]],4,0),"") | G30: =IFERROR(VLOOKUP($B30&"_"&AB30,Raw_data_N2_Kanji[[Receipe no]:[Receipe]],4,0),"") | H30: =IFERROR(VLOOKUP($B30&"_"&AC30,Raw_data_N2_Kanji[[Receipe no]:[Receipe]],4,0),"") | I30: =IFERROR(VLOOKUP($B30&"_"&AD30,Raw_data_N2_Kanji[[Receipe no]:[Receipe]],4,0),"") | J30: =IFERROR(VLOOKUP($B30&"_"&AE30,Raw_data_N2_Kanji[[Receipe no]:[Receipe]],4,0),"") | L30: =$W30 -> 2章2課 | M30: =IFERROR(VLOOKUP($L30&"_"&X30,Final_manabou_kanji[],6,0),"") | N30: =IFERROR(VLOOKUP($L30&"_"&Y30,Final_manabou_kanji[],6,0),"") | O30: =IFERROR(VLOOKUP($L30&"_"&Z30,Final_manabou_kanji[],6,0),"") | P30: =IFERROR(VLOOKUP($L30&"_"&AA30,Final_manabou_kanji[],6,0),"") | Q30: =IFERROR(VLOOKUP($L30&"_"&AB30,Final_manabou_kanji[],6,0),"") | R30: =IFERROR(VLOOKUP($L30&"_"&AC30,Final_manabou_kanji[],6,0),"") | S30: =IFERROR(VLOOKUP($L30&"_"&AD30,Final_manabou_kanji[],6,0),"") | T30: =IFERROR(VLOOKUP($L30&"_"&AE30,Final_manabou_kanji[],6,0),"") | W30: =IF(V30="",$W29,$V30) -> 2章2課 | X30: =IF($V30="",X29+8,X$1) -> 25 | Y30: =IF($V30="",Y29+8,Y$1) -> 26 | Z30: =IF($V30="",Z29+8,Z$1) -> 27 | AA30: =IF($V30="",AA29+8,AA$1) -> 28 | AB30: =IF($V30="",AB29+8,AB$1) -> 29 | AC30: =IF($V30="",AC29+8,AC$1) -> 30 | AD30: =IF($V30="",AD29+8,AD$1) -> 31 | AE30: =IF($V30="",AE29+8,AE$1) -> 32 | AH30: 24 | AI30: =$W30&X30 -> 2章2課25 | AJ30: =$W30&Y30 -> 2章2課26 | AK30: =$W30&Z30 -> 2章2課27 | AL30: =$W30&AA30 -> 2章2課28 | AM30: =$W30&AB30 -> 2章2課29 | AN30: =$W30&AC30 -> 2章2課30 | AO30: =$W30&AD30 -> 2章2課31 | AP30: =$W30&AE30 -> 2章2課32
A31: =IF($X31=1,$A30+1,$A30) -> 6 | B31: =IF(V31="",$B30,$V31) -> 2章2課 | C31: =IFERROR(VLOOKUP($B31&"_"&X31,Raw_data_N2_Kanji[[Receipe no]:[Receipe]],4,0),"") | D31: =IFERROR(VLOOKUP($B31&"_"&Y31,Raw_data_N2_Kanji[[Receipe no]:[Receipe]],4,0),"") | E31: =IFERROR(VLOOKUP($B31&"_"&Z31,Raw_data_N2_Kanji[[Receipe no]:[Receipe]],4,0),"") | F31: =IFERROR(VLOOKUP($B31&"_"&AA31,Raw_data_N2_Kanji[[Receipe no]:[Receipe]],4,0),"") | G31: =IFERROR(VLOOKUP($B31&"_"&AB31,Raw_data_N2_Kanji[[Receipe no]:[Receipe]],4,0),"") | H31: =IFERROR(VLOOKUP($B31&"_"&AC31,Raw_data_N2_Kanji[[Receipe no]:[Receipe]],4,0),"") | I31: =IFERROR(VLOOKUP($B31&"_"&AD31,Raw_data_N2_Kanji[[Receipe no]:[Receipe]],4,0),"") | J31: =IFERROR(VLOOKUP($B31&"_"&AE31,Raw_data_N2_Kanji[[Receipe no]:[Receipe]],4,0),"") | L31: =$W31 -> 2章2課 | M31: =IFERROR(VLOOKUP($L31&"_"&X31,Final_manabou_kanji[],6,0),"") | N31: =IFERROR(VLOOKUP($L31&"_"&Y31,Final_manabou_kanji[],6,0),"") | O31: =IFERROR(VLOOKUP($L31&"_"&Z31,Final_manabou_kanji[],6,0),"") | P31: =IFERROR(VLOOKUP($L31&"_"&AA31,Final_manabou_kanji[],6,0),"") | Q31: =IFERROR(VLOOKUP($L31&"_"&AB31,Final_manabou_kanji[],6,0),"") | R31: =IFERROR(VLOOKUP($L31&"_"&AC31,Final_manabou_kanji[],6,0),"") | S31: =IFERROR(VLOOKUP($L31&"_"&AD31,Final_manabou_kanji[],6,0),"") | T31: =IFERROR(VLOOKUP($L31&"_"&AE31,Final_manabou_kanji[],6,0),"") | W31: =IF(V31="",$W30,$V31) -> 2章2課 | X31: =IF($V31="",X30+8,X$1) -> 33 | Y31: =IF($V31="",Y30+8,Y$1) -> 34 | Z31: =IF($V31="",Z30+8,Z$1) -> 35 | AA31: =IF($V31="",AA30+8,AA$1) -> 36 | AB31: =IF($V31="",AB30+8,AB$1) -> 37 | AC31: =IF($V31="",AC30+8,AC$1) -> 38 | AD31: =IF($V31="",AD30+8,AD$1) -> 39 | AE31: =IF($V31="",AE30+8,AE$1) -> 40 | AH31: 25 | AI31: =$W31&X31 -> 2章2課33 | AJ31: =$W31&Y31 -> 2章2課34 | AK31: =$W31&Z31 -> 2章2課35 | AL31: =$W31&AA31 -> 2章2課36 | AM31: =$W31&AB31 -> 2章2課37 | AN31: =$W31&AC31 -> 2章2課38 | AO31: =$W31&AD31 -> 2章2課39 | AP31: =$W31&AE31 -> 2章2課40
A32: =IF($X32=1,$A31+1,$A31) -> 6 | B32: =IF(V32="",$B31,$V32) -> 2章2課 | C32: =IFERROR(VLOOKUP($B32&"_"&X32,Raw_data_N2_Kanji[[Receipe no]:[Receipe]],4,0),"") | D32: =IFERROR(VLOOKUP($B32&"_"&Y32,Raw_data_N2_Kanji[[Receipe no]:[Receipe]],4,0),"") | E32: =IFERROR(VLOOKUP($B32&"_"&Z32,Raw_data_N2_Kanji[[Receipe no]:[Receipe]],4,0),"") | F32: =IFERROR(VLOOKUP($B32&"_"&AA32,Raw_data_N2_Kanji[[Receipe no]:[Receipe]],4,0),"") | G32: =IFERROR(VLOOKUP($B32&"_"&AB32,Raw_data_N2_Kanji[[Receipe no]:[Receipe]],4,0),"") | H32: =IFERROR(VLOOKUP($B32&"_"&AC32,Raw_data_N2_Kanji[[Receipe no]:[Receipe]],4,0),"") | I32: =IFERROR(VLOOKUP($B32&"_"&AD32,Raw_data_N2_Kanji[[Receipe no]:[Receipe]],4,0),"") | J32: =IFERROR(VLOOKUP($B32&"_"&AE32,Raw_data_N2_Kanji[[Receipe no]:[Receipe]],4,0),"") | L32: =$W32 -> 2章2課 | M32: =IFERROR(VLOOKUP($L32&"_"&X32,Final_manabou_kanji[],6,0),"") | N32: =IFERROR(VLOOKUP($L32&"_"&Y32,Final_manabou_kanji[],6,0),"") | O32: =IFERROR(VLOOKUP($L32&"_"&Z32,Final_manabou_kanji[],6,0),"") | P32: =IFERROR(VLOOKUP($L32&"_"&AA32,Final_manabou_kanji[],6,0),"") | Q32: =IFERROR(VLOOKUP($L32&"_"&AB32,Final_manabou_kanji[],6,0),"") | R32: =IFERROR(VLOOKUP($L32&"_"&AC32,Final_manabou_kanji[],6,0),"") | S32: =IFERROR(VLOOKUP($L32&"_"&AD32,Final_manabou_kanji[],6,0),"") | T32: =IFERROR(VLOOKUP($L32&"_"&AE32,Final_manabou_kanji[],6,0),"") | W32: =IF(V32="",$W31,$V32) -> 2章2課 | X32: =IF($V32="",X31+8,X$1) -> 41 | Y32: =IF($V32="",Y31+8,Y$1) -> 42 | Z32: =IF($V32="",Z31+8,Z$1) -> 43 | AA32: =IF($V32="",AA31+8,AA$1) -> 44 | AB32: =IF($V32="",AB31+8,AB$1) -> 45 | AC32: =IF($V32="",AC31+8,AC$1) -> 46 | AD32: =IF($V32="",AD31+8,AD$1) -> 47 | AE32: =IF($V32="",AE31+8,AE$1) -> 48 | AH32: 25 | AI32: =$W32&X32 -> 2章2課41 | AJ32: =$W32&Y32 -> 2章2課42 | AK32: =$W32&Z32 -> 2章2課43 | AL32: =$W32&AA32 -> 2章2課44 | AM32: =$W32&AB32 -> 2章2課45 | AN32: =$W32&AC32 -> 2章2課46 | AO32: =$W32&AD32 -> 2章2課47 | AP32: =$W32&AE32 -> 2章2課48
A33: =IF($X33=1,$A32+1,$A32) -> 7 | B33: =IF(V33="",$B32,$V33) -> 2章3課 | C33: =IFERROR(VLOOKUP($B33&"_"&X33,Raw_data_N2_Kanji[[Receipe no]:[Receipe]],4,0),"") | D33: =IFERROR(VLOOKUP($B33&"_"&Y33,Raw_data_N2_Kanji[[Receipe no]:[Receipe]],4,0),"") | E33: =IFERROR(VLOOKUP($B33&"_"&Z33,Raw_data_N2_Kanji[[Receipe no]:[Receipe]],4,0),"") | F33: =IFERROR(VLOOKUP($B33&"_"&AA33,Raw_data_N2_Kanji[[Receipe no]:[Receipe]],4,0),"") | G33: =IFERROR(VLOOKUP($B33&"_"&AB33,Raw_data_N2_Kanji[[Receipe no]:[Receipe]],4,0),"") | H33: =IFERROR(VLOOKUP($B33&"_"&AC33,Raw_data_N2_Kanji[[Receipe no]:[Receipe]],4,0),"") | I33: =IFERROR(VLOOKUP($B33&"_"&AD33,Raw_data_N2_Kanji[[Receipe no]:[Receipe]],4,0),"") | J33: =IFERROR(VLOOKUP($B33&"_"&AE33,Raw_data_N2_Kanji[[Receipe no]:[Receipe]],4,0),"") | L33: =$W33 -> 2章3課 | M33: =IFERROR(VLOOKUP($L33&"_"&X33,Final_manabou_kanji[],6,0),"") | N33: =IFERROR(VLOOKUP($L33&"_"&Y33,Final_manabou_kanji[],6,0),"") | O33: =IFERROR(VLOOKUP($L33&"_"&Z33,Final_manabou_kanji[],6,0),"") | P33: =IFERROR(VLOOKUP($L33&"_"&AA33,Final_manabou_kanji[],6,0),"") | Q33: =IFERROR(VLOOKUP($L33&"_"&AB33,Final_manabou_kanji[],6,0),"") | R33: =IFERROR(VLOOKUP($L33&"_"&AC33,Final_manabou_kanji[],6,0),"") | S33: =IFERROR(VLOOKUP($L33&"_"&AD33,Final_manabou_kanji[],6,0),"") | T33: =IFERROR(VLOOKUP($L33&"_"&AE33,Final_manabou_kanji[],6,0),"") | V33: 2章3課 | W33: =IF(V33="",$W32,$V33) -> 2章3課 | X33: =IF($V33="",X32+8,X$1) -> 1 | Y33: =IF($V33="",Y32+8,Y$1) -> 2 | Z33: =IF($V33="",Z32+8,Z$1) -> 3 | AA33: =IF($V33="",AA32+8,AA$1) -> 4 | AB33: =IF($V33="",AB32+8,AB$1) -> 5 | AC33: =IF($V33="",AC32+8,AC$1) -> 6 | AD33: =IF($V33="",AD32+8,AD$1) -> 7 | AE33: =IF($V33="",AE32+8,AE$1) -> 8 | AH33: 25 | AI33: =$W33&X33 -> 2章3課1 | AJ33: =$W33&Y33 -> 2章3課2 | AK33: =$W33&Z33 -> 2章3課3 | AL33: =$W33&AA33 -> 2章3課4 | AM33: =$W33&AB33 -> 2章3課5 | AN33: =$W33&AC33 -> 2章3課6 | AO33: =$W33&AD33 -> 2章3課7 | AP33: =$W33&AE33 -> 2章3課8
A34: =IF($X34=1,$A33+1,$A33) -> 7 | B34: =IF(V34="",$B33,$V34) -> 2章3課 | C34: =IFERROR(VLOOKUP($B34&"_"&X34,Raw_data_N2_Kanji[[Receipe no]:[Receipe]],4,0),"") | D34: =IFERROR(VLOOKUP($B34&"_"&Y34,Raw_data_N2_Kanji[[Receipe no]:[Receipe]],4,0),"") | E34: =IFERROR(VLOOKUP($B34&"_"&Z34,Raw_data_N2_Kanji[[Receipe no]:[Receipe]],4,0),"") | F34: =IFERROR(VLOOKUP($B34&"_"&AA34,Raw_data_N2_Kanji[[Receipe no]:[Receipe]],4,0),"") | G34: =IFERROR(VLOOKUP($B34&"_"&AB34,Raw_data_N2_Kanji[[Receipe no]:[Receipe]],4,0),"") | H34: =IFERROR(VLOOKUP($B34&"_"&AC34,Raw_data_N2_Kanji[[Receipe no]:[Receipe]],4,0),"") | I34: =IFERROR(VLOOKUP($B34&"_"&AD34,Raw_data_N2_Kanji[[Receipe no]:[Receipe]],4,0),"") | J34: =IFERROR(VLOOKUP($B34&"_"&AE34,Raw_data_N2_Kanji[[Receipe no]:[Receipe]],4,0),"") | L34: =$W34 -> 2章3課 | M34: =IFERROR(VLOOKUP($L34&"_"&X34,Final_manabou_kanji[],6,0),"") | N34: =IFERROR(VLOOKUP($L34&"_"&Y34,Final_manabou_kanji[],6,0),"") | O34: =IFERROR(VLOOKUP($L34&"_"&Z34,Final_manabou_kanji[],6,0),"") | P34: =IFERROR(VLOOKUP($L34&"_"&AA34,Final_manabou_kanji[],6,0),"") | Q34: =IFERROR(VLOOKUP($L34&"_"&AB34,Final_manabou_kanji[],6,0),"") | R34: =IFERROR(VLOOKUP($L34&"_"&AC34,Final_manabou_kanji[],6,0),"") | S34: =IFERROR(VLOOKUP($L34&"_"&AD34,Final_manabou_kanji[],6,0),"") | T34: =IFERROR(VLOOKUP($L34&"_"&AE34,Final_manabou_kanji[],6,0),"") | W34: =IF(V34="",$W33,$V34) -> 2章3課 | X34: =IF($V34="",X33+8,X$1) -> 9 | Y34: =IF($V34="",Y33+8,Y$1) -> 10 | Z34: =IF($V34="",Z33+8,Z$1) -> 11 | AA34: =IF($V34="",AA33+8,AA$1) -> 12 | AB34: =IF($V34="",AB33+8,AB$1) -> 13 | AC34: =IF($V34="",AC33+8,AC$1) -> 14 | AD34: =IF($V34="",AD33+8,AD$1) -> 15 | AE34: =IF($V34="",AE33+8,AE$1) -> 16 | AH34: 25 | AI34: =$W34&X34 -> 2章3課9 | AJ34: =$W34&Y34 -> 2章3課10 | AK34: =$W34&Z34 -> 2章3課11 | AL34: =$W34&AA34 -> 2章3課12 | AM34: =$W34&AB34 -> 2章3課13 | AN34: =$W34&AC34 -> 2章3課14 | AO34: =$W34&AD34 -> 2章3課15 | AP34: =$W34&AE34 -> 2章3課16
A35: =IF($X35=1,$A34+1,$A34) -> 7 | B35: =IF(V35="",$B34,$V35) -> 2章3課 | C35: =IFERROR(VLOOKUP($B35&"_"&X35,Raw_data_N2_Kanji[[Receipe no]:[Receipe]],4,0),"") | D35: =IFERROR(VLOOKUP($B35&"_"&Y35,Raw_data_N2_Kanji[[Receipe no]:[Receipe]],4,0),"") | E35: =IFERROR(VLOOKUP($B35&"_"&Z35,Raw_data_N2_Kanji[[Receipe no]:[Receipe]],4,0),"") | F35: =IFERROR(VLOOKUP($B35&"_"&AA35,Raw_data_N2_Kanji[[Receipe no]:[Receipe]],4,0),"") | G35: =IFERROR(VLOOKUP($B35&"_"&AB35,Raw_data_N2_Kanji[[Receipe no]:[Receipe]],4,0),"") | H35: =IFERROR(VLOOKUP($B35&"_"&AC35,Raw_data_N2_Kanji[[Receipe no]:[Receipe]],4,0),"") | I35: =IFERROR(VLOOKUP($B35&"_"&AD35,Raw_data_N2_Kanji[[Receipe no]:[Receipe]],4,0),"") | J35: =IFERROR(VLOOKUP($B35&"_"&AE35,Raw_data_N2_Kanji[[Receipe no]:[Receipe]],4,0),"") | L35: =$W35 -> 2章3課 | M35: =IFERROR(VLOOKUP($L35&"_"&X35,Final_manabou_kanji[],6,0),"") | N35: =IFERROR(VLOOKUP($L35&"_"&Y35,Final_manabou_kanji[],6,0),"") | O35: =IFERROR(VLOOKUP($L35&"_"&Z35,Final_manabou_kanji[],6,0),"") | P35: =IFERROR(VLOOKUP($L35&"_"&AA35,Final_manabou_kanji[],6,0),"") | Q35: =IFERROR(VLOOKUP($L35&"_"&AB35,Final_manabou_kanji[],6,0),"") | R35: =IFERROR(VLOOKUP($L35&"_"&AC35,Final_manabou_kanji[],6,0),"") | S35: =IFERROR(VLOOKUP($L35&"_"&AD35,Final_manabou_kanji[],6,0),"") | T35: =IFERROR(VLOOKUP($L35&"_"&AE35,Final_manabou_kanji[],6,0),"") | W35: =IF(V35="",$W34,$V35) -> 2章3課 | X35: =IF($V35="",X34+8,X$1) -> 17 | Y35: =IF($V35="",Y34+8,Y$1) -> 18 | Z35: =IF($V35="",Z34+8,Z$1) -> 19 | AA35: =IF($V35="",AA34+8,AA$1) -> 20 | AB35: =IF($V35="",AB34+8,AB$1) -> 21 | AC35: =IF($V35="",AC34+8,AC$1) -> 22 | AD35: =IF($V35="",AD34+8,AD$1) -> 23 | AE35: =IF($V35="",AE34+8,AE$1) -> 24 | AH35: 25 | AI35: =$W35&X35 -> 2章3課17 | AJ35: =$W35&Y35 -> 2章3課18 | AK35: =$W35&Z35 -> 2章3課19 | AL35: =$W35&AA35 -> 2章3課20 | AM35: =$W35&AB35 -> 2章3課21 | AN35: =$W35&AC35 -> 2章3課22 | AO35: =$W35&AD35 -> 2章3課23 | AP35: =$W35&AE35 -> 2章3課24
A36: =IF($X36=1,$A35+1,$A35) -> 7 | B36: =IF(V36="",$B35,$V36) -> 2章3課 | C36: =IFERROR(VLOOKUP($B36&"_"&X36,Raw_data_N2_Kanji[[Receipe no]:[Receipe]],4,0),"") | D36: =IFERROR(VLOOKUP($B36&"_"&Y36,Raw_data_N2_Kanji[[Receipe no]:[Receipe]],4,0),"") | E36: =IFERROR(VLOOKUP($B36&"_"&Z36,Raw_data_N2_Kanji[[Receipe no]:[Receipe]],4,0),"") | F36: =IFERROR(VLOOKUP($B36&"_"&AA36,Raw_data_N2_Kanji[[Receipe no]:[Receipe]],4,0),"") | G36: =IFERROR(VLOOKUP($B36&"_"&AB36,Raw_data_N2_Kanji[[Receipe no]:[Receipe]],4,0),"") | H36: =IFERROR(VLOOKUP($B36&"_"&AC36,Raw_data_N2_Kanji[[Receipe no]:[Receipe]],4,0),"") | I36: =IFERROR(VLOOKUP($B36&"_"&AD36,Raw_data_N2_Kanji[[Receipe no]:[Receipe]],4,0),"") | J36: =IFERROR(VLOOKUP($B36&"_"&AE36,Raw_data_N2_Kanji[[Receipe no]:[Receipe]],4,0),"") | L36: =$W36 -> 2章3課 | M36: =IFERROR(VLOOKUP($L36&"_"&X36,Final_manabou_kanji[],6,0),"") | N36: =IFERROR(VLOOKUP($L36&"_"&Y36,Final_manabou_kanji[],6,0),"") | O36: =IFERROR(VLOOKUP($L36&"_"&Z36,Final_manabou_kanji[],6,0),"") | P36: =IFERROR(VLOOKUP($L36&"_"&AA36,Final_manabou_kanji[],6,0),"") | Q36: =IFERROR(VLOOKUP($L36&"_"&AB36,Final_manabou_kanji[],6,0),"") | R36: =IFERROR(VLOOKUP($L36&"_"&AC36,Final_manabou_kanji[],6,0),"") | S36: =IFERROR(VLOOKUP($L36&"_"&AD36,Final_manabou_kanji[],6,0),"") | T36: =IFERROR(VLOOKUP($L36&"_"&AE36,Final_manabou_kanji[],6,0),"") | W36: =IF(V36="",$W35,$V36) -> 2章3課 | X36: =IF($V36="",X35+8,X$1) -> 25 | Y36: =IF($V36="",Y35+8,Y$1) -> 26 | Z36: =IF($V36="",Z35+8,Z$1) -> 27 | AA36: =IF($V36="",AA35+8,AA$1) -> 28 | AB36: =IF($V36="",AB35+8,AB$1) -> 29 | AC36: =IF($V36="",AC35+8,AC$1) -> 30 | AD36: =IF($V36="",AD35+8,AD$1) -> 31 | AE36: =IF($V36="",AE35+8,AE$1) -> 32 | AH36: 25 | AI36: =$W36&X36 -> 2章3課25 | AJ36: =$W36&Y36 -> 2章3課26 | AK36: =$W36&Z36 -> 2章3課27 | AL36: =$W36&AA36 -> 2章3課28 | AM36: =$W36&AB36 -> 2章3課29 | AN36: =$W36&AC36 -> 2章3課30 | AO36: =$W36&AD36 -> 2章3課31 | AP36: =$W36&AE36 -> 2章3課32
A37: =IF($X37=1,$A36+1,$A36) -> 7 | B37: =IF(V37="",$B36,$V37) -> 2章3課 | C37: =IFERROR(VLOOKUP($B37&"_"&X37,Raw_data_N2_Kanji[[Receipe no]:[Receipe]],4,0),"") | D37: =IFERROR(VLOOKUP($B37&"_"&Y37,Raw_data_N2_Kanji[[Receipe no]:[Receipe]],4,0),"") | E37: =IFERROR(VLOOKUP($B37&"_"&Z37,Raw_data_N2_Kanji[[Receipe no]:[Receipe]],4,0),"") | F37: =IFERROR(VLOOKUP($B37&"_"&AA37,Raw_data_N2_Kanji[[Receipe no]:[Receipe]],4,0),"") | G37: =IFERROR(VLOOKUP($B37&"_"&AB37,Raw_data_N2_Kanji[[Receipe no]:[Receipe]],4,0),"") | H37: =IFERROR(VLOOKUP($B37&"_"&AC37,Raw_data_N2_Kanji[[Receipe no]:[Receipe]],4,0),"") | I37: =IFERROR(VLOOKUP($B37&"_"&AD37,Raw_data_N2_Kanji[[Receipe no]:[Receipe]],4,0),"") | J37: =IFERROR(VLOOKUP($B37&"_"&AE37,Raw_data_N2_Kanji[[Receipe no]:[Receipe]],4,0),"") | L37: =$W37 -> 2章3課 | M37: =IFERROR(VLOOKUP($L37&"_"&X37,Final_manabou_kanji[],6,0),"") | N37: =IFERROR(VLOOKUP($L37&"_"&Y37,Final_manabou_kanji[],6,0),"") | O37: =IFERROR(VLOOKUP($L37&"_"&Z37,Final_manabou_kanji[],6,0),"") | P37: =IFERROR(VLOOKUP($L37&"_"&AA37,Final_manabou_kanji[],6,0),"") | Q37: =IFERROR(VLOOKUP($L37&"_"&AB37,Final_manabou_kanji[],6,0),"") | R37: =IFERROR(VLOOKUP($L37&"_"&AC37,Final_manabou_kanji[],6,0),"") | S37: =IFERROR(VLOOKUP($L37&"_"&AD37,Final_manabou_kanji[],6,0),"") | T37: =IFERROR(VLOOKUP($L37&"_"&AE37,Final_manabou_kanji[],6,0),"") | W37: =IF(V37="",$W36,$V37) -> 2章3課 | X37: =IF($V37="",X36+8,X$1) -> 33 | Y37: =IF($V37="",Y36+8,Y$1) -> 34 | Z37: =IF($V37="",Z36+8,Z$1) -> 35 | AA37: =IF($V37="",AA36+8,AA$1) -> 36 | AB37: =IF($V37="",AB36+8,AB$1) -> 37 | AC37: =IF($V37="",AC36+8,AC$1) -> 38 | AD37: =IF($V37="",AD36+8,AD$1) -> 39 | AE37: =IF($V37="",AE36+8,AE$1) -> 40 | AH37: 26 | AI37: =$W37&X37 -> 2章3課33 | AJ37: =$W37&Y37 -> 2章3課34 | AK37: =$W37&Z37 -> 2章3課35 | AL37: =$W37&AA37 -> 2章3課36 | AM37: =$W37&AB37 -> 2章3課37 | AN37: =$W37&AC37 -> 2章3課38 | AO37: =$W37&AD37 -> 2章3課39 | AP37: =$W37&AE37 -> 2章3課40
A38: =IF($X38=1,$A37+1,$A37) -> 7 | B38: =IF(V38="",$B37,$V38) -> 2章3課 | C38: =IFERROR(VLOOKUP($B38&"_"&X38,Raw_data_N2_Kanji[[Receipe no]:[Receipe]],4,0),"") | D38: =IFERROR(VLOOKUP($B38&"_"&Y38,Raw_data_N2_Kanji[[Receipe no]:[Receipe]],4,0),"") | E38: =IFERROR(VLOOKUP($B38&"_"&Z38,Raw_data_N2_Kanji[[Receipe no]:[Receipe]],4,0),"") | F38: =IFERROR(VLOOKUP($B38&"_"&AA38,Raw_data_N2_Kanji[[Receipe no]:[Receipe]],4,0),"") | G38: =IFERROR(VLOOKUP($B38&"_"&AB38,Raw_data_N2_Kanji[[Receipe no]:[Receipe]],4,0),"") | H38: =IFERROR(VLOOKUP($B38&"_"&AC38,Raw_data_N2_Kanji[[Receipe no]:[Receipe]],4,0),"") | I38: =IFERROR(VLOOKUP($B38&"_"&AD38,Raw_data_N2_Kanji[[Receipe no]:[Receipe]],4,0),"") | J38: =IFERROR(VLOOKUP($B38&"_"&AE38,Raw_data_N2_Kanji[[Receipe no]:[Receipe]],4,0),"") | L38: =$W38 -> 2章3課 | M38: =IFERROR(VLOOKUP($L38&"_"&X38,Final_manabou_kanji[],6,0),"") | N38: =IFERROR(VLOOKUP($L38&"_"&Y38,Final_manabou_kanji[],6,0),"") | O38: =IFERROR(VLOOKUP($L38&"_"&Z38,Final_manabou_kanji[],6,0),"") | P38: =IFERROR(VLOOKUP($L38&"_"&AA38,Final_manabou_kanji[],6,0),"") | Q38: =IFERROR(VLOOKUP($L38&"_"&AB38,Final_manabou_kanji[],6,0),"") | R38: =IFERROR(VLOOKUP($L38&"_"&AC38,Final_manabou_kanji[],6,0),"") | S38: =IFERROR(VLOOKUP($L38&"_"&AD38,Final_manabou_kanji[],6,0),"") | T38: =IFERROR(VLOOKUP($L38&"_"&AE38,Final_manabou_kanji[],6,0),"") | W38: =IF(V38="",$W37,$V38) -> 2章3課 | X38: =IF($V38="",X37+8,X$1) -> 41 | Y38: =IF($V38="",Y37+8,Y$1) -> 42 | Z38: =IF($V38="",Z37+8,Z$1) -> 43 | AA38: =IF($V38="",AA37+8,AA$1) -> 44 | AB38: =IF($V38="",AB37+8,AB$1) -> 45 | AC38: =IF($V38="",AC37+8,AC$1) -> 46 | AD38: =IF($V38="",AD37+8,AD$1) -> 47 | AE38: =IF($V38="",AE37+8,AE$1) -> 48 | AH38: 26 | AI38: =$W38&X38 -> 2章3課41 | AJ38: =$W38&Y38 -> 2章3課42 | AK38: =$W38&Z38 -> 2章3課43 | AL38: =$W38&AA38 -> 2章3課44 | AM38: =$W38&AB38 -> 2章3課45 | AN38: =$W38&AC38 -> 2章3課46 | AO38: =$W38&AD38 -> 2章3課47 | AP38: =$W38&AE38 -> 2章3課48
A39: =IF($X39=1,$A38+1,$A38) -> 8 | B39: =IF(V39="",$B38,$V39) -> 2章4課 | C39: =IFERROR(VLOOKUP($B39&"_"&X39,Raw_data_N2_Kanji[[Receipe no]:[Receipe]],4,0),"") | D39: =IFERROR(VLOOKUP($B39&"_"&Y39,Raw_data_N2_Kanji[[Receipe no]:[Receipe]],4,0),"") | E39: =IFERROR(VLOOKUP($B39&"_"&Z39,Raw_data_N2_Kanji[[Receipe no]:[Receipe]],4,0),"") | F39: =IFERROR(VLOOKUP($B39&"_"&AA39,Raw_data_N2_Kanji[[Receipe no]:[Receipe]],4,0),"") | G39: =IFERROR(VLOOKUP($B39&"_"&AB39,Raw_data_N2_Kanji[[Receipe no]:[Receipe]],4,0),"") | H39: =IFERROR(VLOOKUP($B39&"_"&AC39,Raw_data_N2_Kanji[[Receipe no]:[Receipe]],4,0),"") | I39: =IFERROR(VLOOKUP($B39&"_"&AD39,Raw_data_N2_Kanji[[Receipe no]:[Receipe]],4,0),"") | J39: =IFERROR(VLOOKUP($B39&"_"&AE39,Raw_data_N2_Kanji[[Receipe no]:[Receipe]],4,0),"") | L39: =$W39 -> 2章4課 | M39: =IFERROR(VLOOKUP($L39&"_"&X39,Final_manabou_kanji[],6,0),"") | N39: =IFERROR(VLOOKUP($L39&"_"&Y39,Final_manabou_kanji[],6,0),"") | O39: =IFERROR(VLOOKUP($L39&"_"&Z39,Final_manabou_kanji[],6,0),"") | P39: =IFERROR(VLOOKUP($L39&"_"&AA39,Final_manabou_kanji[],6,0),"") | Q39: =IFERROR(VLOOKUP($L39&"_"&AB39,Final_manabou_kanji[],6,0),"") | R39: =IFERROR(VLOOKUP($L39&"_"&AC39,Final_manabou_kanji[],6,0),"") | S39: =IFERROR(VLOOKUP($L39&"_"&AD39,Final_manabou_kanji[],6,0),"") | T39: =IFERROR(VLOOKUP($L39&"_"&AE39,Final_manabou_kanji[],6,0),"") | V39: 2章4課 | W39: =IF(V39="",$W38,$V39) -> 2章4課 | X39: =IF($V39="",X38+8,X$1) -> 1 | Y39: =IF($V39="",Y38+8,Y$1) -> 2 | Z39: =IF($V39="",Z38+8,Z$1) -> 3 | AA39: =IF($V39="",AA38+8,AA$1) -> 4 | AB39: =IF($V39="",AB38+8,AB$1) -> 5 | AC39: =IF($V39="",AC38+8,AC$1) -> 6 | AD39: =IF($V39="",AD38+8,AD$1) -> 7 | AE39: =IF($V39="",AE38+8,AE$1) -> 8 | AH39: 26 | AI39: =$W39&X39 -> 2章4課1 | AJ39: =$W39&Y39 -> 2章4課2 | AK39: =$W39&Z39 -> 2章4課3 | AL39: =$W39&AA39 -> 2章4課4 | AM39: =$W39&AB39 -> 2章4課5 | AN39: =$W39&AC39 -> 2章4課6 | AO39: =$W39&AD39 -> 2章4課7 | AP39: =$W39&AE39 -> 2章4課8
A40: =IF($X40=1,$A39+1,$A39) -> 8 | B40: =IF(V40="",$B39,$V40) -> 2章4課 | C40: =IFERROR(VLOOKUP($B40&"_"&X40,Raw_data_N2_Kanji[[Receipe no]:[Receipe]],4,0),"") | D40: =IFERROR(VLOOKUP($B40&"_"&Y40,Raw_data_N2_Kanji[[Receipe no]:[Receipe]],4,0),"") | E40: =IFERROR(VLOOKUP($B40&"_"&Z40,Raw_data_N2_Kanji[[Receipe no]:[Receipe]],4,0),"") | F40: =IFERROR(VLOOKUP($B40&"_"&AA40,Raw_data_N2_Kanji[[Receipe no]:[Receipe]],4,0),"") | G40: =IFERROR(VLOOKUP($B40&"_"&AB40,Raw_data_N2_Kanji[[Receipe no]:[Receipe]],4,0),"") | H40: =IFERROR(VLOOKUP($B40&"_"&AC40,Raw_data_N2_Kanji[[Receipe no]:[Receipe]],4,0),"") | I40: =IFERROR(VLOOKUP($B40&"_"&AD40,Raw_data_N2_Kanji[[Receipe no]:[Receipe]],4,0),"") | J40: =IFERROR(VLOOKUP($B40&"_"&AE40,Raw_data_N2_Kanji[[Receipe no]:[Receipe]],4,0),"") | L40: =$W40 -> 2章4課 | M40: =IFERROR(VLOOKUP($L40&"_"&X40,Final_manabou_kanji[],6,0),"") | N40: =IFERROR(VLOOKUP($L40&"_"&Y40,Final_manabou_kanji[],6,0),"") | O40: =IFERROR(VLOOKUP($L40&"_"&Z40,Final_manabou_kanji[],6,0),"") | P40: =IFERROR(VLOOKUP($L40&"_"&AA40,Final_manabou_kanji[],6,0),"") | Q40: =IFERROR(VLOOKUP($L40&"_"&AB40,Final_manabou_kanji[],6,0),"") | R40: =IFERROR(VLOOKUP($L40&"_"&AC40,Final_manabou_kanji[],6,0),"") | S40: =IFERROR(VLOOKUP($L40&"_"&AD40,Final_manabou_kanji[],6,0),"") | T40: =IFERROR(VLOOKUP($L40&"_"&AE40,Final_manabou_kanji[],6,0),"") | W40: =IF(V40="",$W39,$V40) -> 2章4課 | X40: =IF($V40="",X39+8,X$1) -> 9 | Y40: =IF($V40="",Y39+8,Y$1) -> 10 | Z40: =IF($V40="",Z39+8,Z$1) -> 11 | AA40: =IF($V40="",AA39+8,AA$1) -> 12 | AB40: =IF($V40="",AB39+8,AB$1) -> 13 | AC40: =IF($V40="",AC39+8,AC$1) -> 14 | AD40: =IF($V40="",AD39+8,AD$1) -> 15 | AE40: =IF($V40="",AE39+8,AE$1) -> 16 | AH40: 26 | AI40: =$W40&X40 -> 2章4課9 | AJ40: =$W40&Y40 -> 2章4課10 | AK40: =$W40&Z40 -> 2章4課11 | AL40: =$W40&AA40 -> 2章4課12 | AM40: =$W40&AB40 -> 2章4課13 | AN40: =$W40&AC40 -> 2章4課14 | AO40: =$W40&AD40 -> 2章4課15 | AP40: =$W40&AE40 -> 2章4課16
A41: =IF($X41=1,$A40+1,$A40) -> 8 | B41: =IF(V41="",$B40,$V41) -> 2章4課 | C41: =IFERROR(VLOOKUP($B41&"_"&X41,Raw_data_N2_Kanji[[Receipe no]:[Receipe]],4,0),"") | D41: =IFERROR(VLOOKUP($B41&"_"&Y41,Raw_data_N2_Kanji[[Receipe no]:[Receipe]],4,0),"") | E41: =IFERROR(VLOOKUP($B41&"_"&Z41,Raw_data_N2_Kanji[[Receipe no]:[Receipe]],4,0),"") | F41: =IFERROR(VLOOKUP($B41&"_"&AA41,Raw_data_N2_Kanji[[Receipe no]:[Receipe]],4,0),"") | G41: =IFERROR(VLOOKUP($B41&"_"&AB41,Raw_data_N2_Kanji[[Receipe no]:[Receipe]],4,0),"") | H41: =IFERROR(VLOOKUP($B41&"_"&AC41,Raw_data_N2_Kanji[[Receipe no]:[Receipe]],4,0),"") | I41: =IFERROR(VLOOKUP($B41&"_"&AD41,Raw_data_N2_Kanji[[Receipe no]:[Receipe]],4,0),"") | J41: =IFERROR(VLOOKUP($B41&"_"&AE41,Raw_data_N2_Kanji[[Receipe no]:[Receipe]],4,0),"") | L41: =$W41 -> 2章4課 | M41: =IFERROR(VLOOKUP($L41&"_"&X41,Final_manabou_kanji[],6,0),"") | N41: =IFERROR(VLOOKUP($L41&"_"&Y41,Final_manabou_kanji[],6,0),"") | O41: =IFERROR(VLOOKUP($L41&"_"&Z41,Final_manabou_kanji[],6,0),"") | P41: =IFERROR(VLOOKUP($L41&"_"&AA41,Final_manabou_kanji[],6,0),"") | Q41: =IFERROR(VLOOKUP($L41&"_"&AB41,Final_manabou_kanji[],6,0),"") | R41: =IFERROR(VLOOKUP($L41&"_"&AC41,Final_manabou_kanji[],6,0),"") | S41: =IFERROR(VLOOKUP($L41&"_"&AD41,Final_manabou_kanji[],6,0),"") | T41: =IFERROR(VLOOKUP($L41&"_"&AE41,Final_manabou_kanji[],6,0),"") | W41: =IF(V41="",$W40,$V41) -> 2章4課 | X41: =IF($V41="",X40+8,X$1) -> 17 | Y41: =IF($V41="",Y40+8,Y$1) -> 18 | Z41: =IF($V41="",Z40+8,Z$1) -> 19 | AA41: =IF($V41="",AA40+8,AA$1) -> 20 | AB41: =IF($V41="",AB40+8,AB$1) -> 21 | AC41: =IF($V41="",AC40+8,AC$1) -> 22 | AD41: =IF($V41="",AD40+8,AD$1) -> 23 | AE41: =IF($V41="",AE40+8,AE$1) -> 24 | AH41: 26 | AI41: =$W41&X41 -> 2章4課17 | AJ41: =$W41&Y41 -> 2章4課18 | AK41: =$W41&Z41 -> 2章4課19 | AL41: =$W41&AA41 -> 2章4課20 | AM41: =$W41&AB41 -> 2章4課21 | AN41: =$W41&AC41 -> 2章4課22 | AO41: =$W41&AD41 -> 2章4課23 | AP41: =$W41&AE41 -> 2章4課24
A42: =IF($X42=1,$A41+1,$A41) -> 8 | B42: =IF(V42="",$B41,$V42) -> 2章4課 | C42: =IFERROR(VLOOKUP($B42&"_"&X42,Raw_data_N2_Kanji[[Receipe no]:[Receipe]],4,0),"") | D42: =IFERROR(VLOOKUP($B42&"_"&Y42,Raw_data_N2_Kanji[[Receipe no]:[Receipe]],4,0),"") | E42: =IFERROR(VLOOKUP($B42&"_"&Z42,Raw_data_N2_Kanji[[Receipe no]:[Receipe]],4,0),"") | F42: =IFERROR(VLOOKUP($B42&"_"&AA42,Raw_data_N2_Kanji[[Receipe no]:[Receipe]],4,0),"") | G42: =IFERROR(VLOOKUP($B42&"_"&AB42,Raw_data_N2_Kanji[[Receipe no]:[Receipe]],4,0),"") | H42: =IFERROR(VLOOKUP($B42&"_"&AC42,Raw_data_N2_Kanji[[Receipe no]:[Receipe]],4,0),"") | I42: =IFERROR(VLOOKUP($B42&"_"&AD42,Raw_data_N2_Kanji[[Receipe no]:[Receipe]],4,0),"") | J42: =IFERROR(VLOOKUP($B42&"_"&AE42,Raw_data_N2_Kanji[[Receipe no]:[Receipe]],4,0),"") | L42: =$W42 -> 2章4課 | M42: =IFERROR(VLOOKUP($L42&"_"&X42,Final_manabou_kanji[],6,0),"") | N42: =IFERROR(VLOOKUP($L42&"_"&Y42,Final_manabou_kanji[],6,0),"") | O42: =IFERROR(VLOOKUP($L42&"_"&Z42,Final_manabou_kanji[],6,0),"") | P42: =IFERROR(VLOOKUP($L42&"_"&AA42,Final_manabou_kanji[],6,0),"") | Q42: =IFERROR(VLOOKUP($L42&"_"&AB42,Final_manabou_kanji[],6,0),"") | R42: =IFERROR(VLOOKUP($L42&"_"&AC42,Final_manabou_kanji[],6,0),"") | S42: =IFERROR(VLOOKUP($L42&"_"&AD42,Final_manabou_kanji[],6,0),"") | T42: =IFERROR(VLOOKUP($L42&"_"&AE42,Final_manabou_kanji[],6,0),"") | W42: =IF(V42="",$W41,$V42) -> 2章4課 | X42: =IF($V42="",X41+8,X$1) -> 25 | Y42: =IF($V42="",Y41+8,Y$1) -> 26 | Z42: =IF($V42="",Z41+8,Z$1) -> 27 | AA42: =IF($V42="",AA41+8,AA$1) -> 28 | AB42: =IF($V42="",AB41+8,AB$1) -> 29 | AC42: =IF($V42="",AC41+8,AC$1) -> 30 | AD42: =IF($V42="",AD41+8,AD$1) -> 31 | AE42: =IF($V42="",AE41+8,AE$1) -> 32 | AH42: 26 | AI42: =$W42&X42 -> 2章4課25 | AJ42: =$W42&Y42 -> 2章4課26 | AK42: =$W42&Z42 -> 2章4課27 | AL42: =$W42&AA42 -> 2章4課28 | AM42: =$W42&AB42 -> 2章4課29 | AN42: =$W42&AC42 -> 2章4課30 | AO42: =$W42&AD42 -> 2章4課31 | AP42: =$W42&AE42 -> 2章4課32
A43: =IF($X43=1,$A42+1,$A42) -> 9 | B43: =IF(V43="",$B42,$V43) -> 2章5課 | C43: =IFERROR(VLOOKUP($B43&"_"&X43,Raw_data_N2_Kanji[[Receipe no]:[Receipe]],4,0),"") | D43: =IFERROR(VLOOKUP($B43&"_"&Y43,Raw_data_N2_Kanji[[Receipe no]:[Receipe]],4,0),"") | E43: =IFERROR(VLOOKUP($B43&"_"&Z43,Raw_data_N2_Kanji[[Receipe no]:[Receipe]],4,0),"") | F43: =IFERROR(VLOOKUP($B43&"_"&AA43,Raw_data_N2_Kanji[[Receipe no]:[Receipe]],4,0),"") | G43: =IFERROR(VLOOKUP($B43&"_"&AB43,Raw_data_N2_Kanji[[Receipe no]:[Receipe]],4,0),"") | H43: =IFERROR(VLOOKUP($B43&"_"&AC43,Raw_data_N2_Kanji[[Receipe no]:[Receipe]],4,0),"") | I43: =IFERROR(VLOOKUP($B43&"_"&AD43,Raw_data_N2_Kanji[[Receipe no]:[Receipe]],4,0),"") | J43: =IFERROR(VLOOKUP($B43&"_"&AE43,Raw_data_N2_Kanji[[Receipe no]:[Receipe]],4,0),"") | L43: =$W43 -> 2章5課 | M43: =IFERROR(VLOOKUP($L43&"_"&X43,Final_manabou_kanji[],6,0),"") | N43: =IFERROR(VLOOKUP($L43&"_"&Y43,Final_manabou_kanji[],6,0),"") | O43: =IFERROR(VLOOKUP($L43&"_"&Z43,Final_manabou_kanji[],6,0),"") | P43: =IFERROR(VLOOKUP($L43&"_"&AA43,Final_manabou_kanji[],6,0),"") | Q43: =IFERROR(VLOOKUP($L43&"_"&AB43,Final_manabou_kanji[],6,0),"") | R43: =IFERROR(VLOOKUP($L43&"_"&AC43,Final_manabou_kanji[],6,0),"") | S43: =IFERROR(VLOOKUP($L43&"_"&AD43,Final_manabou_kanji[],6,0),"") | T43: =IFERROR(VLOOKUP($L43&"_"&AE43,Final_manabou_kanji[],6,0),"") | V43: 2章5課 | W43: =IF(V43="",$W42,$V43) -> 2章5課 | X43: =IF($V43="",X42+8,X$1) -> 1 | Y43: =IF($V43="",Y42+8,Y$1) -> 2 | Z43: =IF($V43="",Z42+8,Z$1) -> 3 | AA43: =IF($V43="",AA42+8,AA$1) -> 4 | AB43: =IF($V43="",AB42+8,AB$1) -> 5 | AC43: =IF($V43="",AC42+8,AC$1) -> 6 | AD43: =IF($V43="",AD42+8,AD$1) -> 7 | AE43: =IF($V43="",AE42+8,AE$1) -> 8 | AH43: 26 | AI43: =$W43&X43 -> 2章5課1 | AJ43: =$W43&Y43 -> 2章5課2 | AK43: =$W43&Z43 -> 2章5課3 | AL43: =$W43&AA43 -> 2章5課4 | AM43: =$W43&AB43 -> 2章5課5 | AN43: =$W43&AC43 -> 2章5課6 | AO43: =$W43&AD43 -> 2章5課7 | AP43: =$W43&AE43 -> 2章5課8
A44: =IF($X44=1,$A43+1,$A43) -> 9 | B44: =IF(V44="",$B43,$V44) -> 2章5課 | C44: =IFERROR(VLOOKUP($B44&"_"&X44,Raw_data_N2_Kanji[[Receipe no]:[Receipe]],4,0),"") | D44: =IFERROR(VLOOKUP($B44&"_"&Y44,Raw_data_N2_Kanji[[Receipe no]:[Receipe]],4,0),"") | E44: =IFERROR(VLOOKUP($B44&"_"&Z44,Raw_data_N2_Kanji[[Receipe no]:[Receipe]],4,0),"") | F44: =IFERROR(VLOOKUP($B44&"_"&AA44,Raw_data_N2_Kanji[[Receipe no]:[Receipe]],4,0),"") | G44: =IFERROR(VLOOKUP($B44&"_"&AB44,Raw_data_N2_Kanji[[Receipe no]:[Receipe]],4,0),"") | H44: =IFERROR(VLOOKUP($B44&"_"&AC44,Raw_data_N2_Kanji[[Receipe no]:[Receipe]],4,0),"") | I44: =IFERROR(VLOOKUP($B44&"_"&AD44,Raw_data_N2_Kanji[[Receipe no]:[Receipe]],4,0),"") | J44: =IFERROR(VLOOKUP($B44&"_"&AE44,Raw_data_N2_Kanji[[Receipe no]:[Receipe]],4,0),"") | L44: =$W44 -> 2章5課 | M44: =IFERROR(VLOOKUP($L44&"_"&X44,Final_manabou_kanji[],6,0),"") | N44: =IFERROR(VLOOKUP($L44&"_"&Y44,Final_manabou_kanji[],6,0),"") | O44: =IFERROR(VLOOKUP($L44&"_"&Z44,Final_manabou_kanji[],6,0),"") | P44: =IFERROR(VLOOKUP($L44&"_"&AA44,Final_manabou_kanji[],6,0),"") | Q44: =IFERROR(VLOOKUP($L44&"_"&AB44,Final_manabou_kanji[],6,0),"") | R44: =IFERROR(VLOOKUP($L44&"_"&AC44,Final_manabou_kanji[],6,0),"") | S44: =IFERROR(VLOOKUP($L44&"_"&AD44,Final_manabou_kanji[],6,0),"") | T44: =IFERROR(VLOOKUP($L44&"_"&AE44,Final_manabou_kanji[],6,0),"") | W44: =IF(V44="",$W43,$V44) -> 2章5課 | X44: =IF($V44="",X43+8,X$1) -> 9 | Y44: =IF($V44="",Y43+8,Y$1) -> 10 | Z44: =IF($V44="",Z43+8,Z$1) -> 11 | AA44: =IF($V44="",AA43+8,AA$1) -> 12 | AB44: =IF($V44="",AB43+8,AB$1) -> 13 | AC44: =IF($V44="",AC43+8,AC$1) -> 14 | AD44: =IF($V44="",AD43+8,AD$1) -> 15 | AE44: =IF($V44="",AE43+8,AE$1) -> 16 | AH44: 27 | AI44: =$W44&X44 -> 2章5課9 | AJ44: =$W44&Y44 -> 2章5課10 | AK44: =$W44&Z44 -> 2章5課11 | AL44: =$W44&AA44 -> 2章5課12 | AM44: =$W44&AB44 -> 2章5課13 | AN44: =$W44&AC44 -> 2章5課14 | AO44: =$W44&AD44 -> 2章5課15 | AP44: =$W44&AE44 -> 2章5課16
A45: =IF($X45=1,$A44+1,$A44) -> 9 | B45: =IF(V45="",$B44,$V45) -> 2章5課 | C45: =IFERROR(VLOOKUP($B45&"_"&X45,Raw_data_N2_Kanji[[Receipe no]:[Receipe]],4,0),"") | D45: =IFERROR(VLOOKUP($B45&"_"&Y45,Raw_data_N2_Kanji[[Receipe no]:[Receipe]],4,0),"") | E45: =IFERROR(VLOOKUP($B45&"_"&Z45,Raw_data_N2_Kanji[[Receipe no]:[Receipe]],4,0),"") | F45: =IFERROR(VLOOKUP($B45&"_"&AA45,Raw_data_N2_Kanji[[Receipe no]:[Receipe]],4,0),"") | G45: =IFERROR(VLOOKUP($B45&"_"&AB45,Raw_data_N2_Kanji[[Receipe no]:[Receipe]],4,0),"") | H45: =IFERROR(VLOOKUP($B45&"_"&AC45,Raw_data_N2_Kanji[[Receipe no]:[Receipe]],4,0),"") | I45: =IFERROR(VLOOKUP($B45&"_"&AD45,Raw_data_N2_Kanji[[Receipe no]:[Receipe]],4,0),"") | J45: =IFERROR(VLOOKUP($B45&"_"&AE45,Raw_data_N2_Kanji[[Receipe no]:[Receipe]],4,0),"") | L45: =$W45 -> 2章5課 | M45: =IFERROR(VLOOKUP($L45&"_"&X45,Final_manabou_kanji[],6,0),"") | N45: =IFERROR(VLOOKUP($L45&"_"&Y45,Final_manabou_kanji[],6,0),"") | O45: =IFERROR(VLOOKUP($L45&"_"&Z45,Final_manabou_kanji[],6,0),"") | P45: =IFERROR(VLOOKUP($L45&"_"&AA45,Final_manabou_kanji[],6,0),"") | Q45: =IFERROR(VLOOKUP($L45&"_"&AB45,Final_manabou_kanji[],6,0),"") | R45: =IFERROR(VLOOKUP($L45&"_"&AC45,Final_manabou_kanji[],6,0),"") | S45: =IFERROR(VLOOKUP($L45&"_"&AD45,Final_manabou_kanji[],6,0),"") | T45: =IFERROR(VLOOKUP($L45&"_"&AE45,Final_manabou_kanji[],6,0),"") | W45: =IF(V45="",$W44,$V45) -> 2章5課 | X45: =IF($V45="",X44+8,X$1) -> 17 | Y45: =IF($V45="",Y44+8,Y$1) -> 18 | Z45: =IF($V45="",Z44+8,Z$1) -> 19 | AA45: =IF($V45="",AA44+8,AA$1) -> 20 | AB45: =IF($V45="",AB44+8,AB$1) -> 21 | AC45: =IF($V45="",AC44+8,AC$1) -> 22 | AD45: =IF($V45="",AD44+8,AD$1) -> 23 | AE45: =IF($V45="",AE44+8,AE$1) -> 24 | AH45: 27 | AI45: =$W45&X45 -> 2章5課17 | AJ45: =$W45&Y45 -> 2章5課18 | AK45: =$W45&Z45 -> 2章5課19 | AL45: =$W45&AA45 -> 2章5課20 | AM45: =$W45&AB45 -> 2章5課21 | AN45: =$W45&AC45 -> 2章5課22 | AO45: =$W45&AD45 -> 2章5課23 | AP45: =$W45&AE45 -> 2章5課24
A46: =IF($X46=1,$A45+1,$A45) -> 9 | B46: =IF(V46="",$B45,$V46) -> 2章5課 | C46: =IFERROR(VLOOKUP($B46&"_"&X46,Raw_data_N2_Kanji[[Receipe no]:[Receipe]],4,0),"") | D46: =IFERROR(VLOOKUP($B46&"_"&Y46,Raw_data_N2_Kanji[[Receipe no]:[Receipe]],4,0),"") | E46: =IFERROR(VLOOKUP($B46&"_"&Z46,Raw_data_N2_Kanji[[Receipe no]:[Receipe]],4,0),"") | F46: =IFERROR(VLOOKUP($B46&"_"&AA46,Raw_data_N2_Kanji[[Receipe no]:[Receipe]],4,0),"") | G46: =IFERROR(VLOOKUP($B46&"_"&AB46,Raw_data_N2_Kanji[[Receipe no]:[Receipe]],4,0),"") | H46: =IFERROR(VLOOKUP($B46&"_"&AC46,Raw_data_N2_Kanji[[Receipe no]:[Receipe]],4,0),"") | I46: =IFERROR(VLOOKUP($B46&"_"&AD46,Raw_data_N2_Kanji[[Receipe no]:[Receipe]],4,0),"") | J46: =IFERROR(VLOOKUP($B46&"_"&AE46,Raw_data_N2_Kanji[[Receipe no]:[Receipe]],4,0),"") | L46: =$W46 -> 2章5課 | M46: =IFERROR(VLOOKUP($L46&"_"&X46,Final_manabou_kanji[],6,0),"") | N46: =IFERROR(VLOOKUP($L46&"_"&Y46,Final_manabou_kanji[],6,0),"") | O46: =IFERROR(VLOOKUP($L46&"_"&Z46,Final_manabou_kanji[],6,0),"") | P46: =IFERROR(VLOOKUP($L46&"_"&AA46,Final_manabou_kanji[],6,0),"") | Q46: =IFERROR(VLOOKUP($L46&"_"&AB46,Final_manabou_kanji[],6,0),"") | R46: =IFERROR(VLOOKUP($L46&"_"&AC46,Final_manabou_kanji[],6,0),"") | S46: =IFERROR(VLOOKUP($L46&"_"&AD46,Final_manabou_kanji[],6,0),"") | T46: =IFERROR(VLOOKUP($L46&"_"&AE46,Final_manabou_kanji[],6,0),"") | W46: =IF(V46="",$W45,$V46) -> 2章5課 | X46: =IF($V46="",X45+8,X$1) -> 25 | Y46: =IF($V46="",Y45+8,Y$1) -> 26 | Z46: =IF($V46="",Z45+8,Z$1) -> 27 | AA46: =IF($V46="",AA45+8,AA$1) -> 28 | AB46: =IF($V46="",AB45+8,AB$1) -> 29 | AC46: =IF($V46="",AC45+8,AC$1) -> 30 | AD46: =IF($V46="",AD45+8,AD$1) -> 31 | AE46: =IF($V46="",AE45+8,AE$1) -> 32 | AH46: 27 | AI46: =$W46&X46 -> 2章5課25 | AJ46: =$W46&Y46 -> 2章5課26 | AK46: =$W46&Z46 -> 2章5課27 | AL46: =$W46&AA46 -> 2章5課28 | AM46: =$W46&AB46 -> 2章5課29 | AN46: =$W46&AC46 -> 2章5課30 | AO46: =$W46&AD46 -> 2章5課31 | AP46: =$W46&AE46 -> 2章5課32
A47: =IF($X47=1,$A46+1,$A46) -> 9 | B47: =IF(V47="",$B46,$V47) -> 2章5課 | C47: =IFERROR(VLOOKUP($B47&"_"&X47,Raw_data_N2_Kanji[[Receipe no]:[Receipe]],4,0),"") | D47: =IFERROR(VLOOKUP($B47&"_"&Y47,Raw_data_N2_Kanji[[Receipe no]:[Receipe]],4,0),"") | E47: =IFERROR(VLOOKUP($B47&"_"&Z47,Raw_data_N2_Kanji[[Receipe no]:[Receipe]],4,0),"") | F47: =IFERROR(VLOOKUP($B47&"_"&AA47,Raw_data_N2_Kanji[[Receipe no]:[Receipe]],4,0),"") | G47: =IFERROR(VLOOKUP($B47&"_"&AB47,Raw_data_N2_Kanji[[Receipe no]:[Receipe]],4,0),"") | H47: =IFERROR(VLOOKUP($B47&"_"&AC47,Raw_data_N2_Kanji[[Receipe no]:[Receipe]],4,0),"") | I47: =IFERROR(VLOOKUP($B47&"_"&AD47,Raw_data_N2_Kanji[[Receipe no]:[Receipe]],4,0),"") | J47: =IFERROR(VLOOKUP($B47&"_"&AE47,Raw_data_N2_Kanji[[Receipe no]:[Receipe]],4,0),"") | L47: =$W47 -> 2章5課 | M47: =IFERROR(VLOOKUP($L47&"_"&X47,Final_manabou_kanji[],6,0),"") | N47: =IFERROR(VLOOKUP($L47&"_"&Y47,Final_manabou_kanji[],6,0),"") | O47: =IFERROR(VLOOKUP($L47&"_"&Z47,Final_manabou_kanji[],6,0),"") | P47: =IFERROR(VLOOKUP($L47&"_"&AA47,Final_manabou_kanji[],6,0),"") | Q47: =IFERROR(VLOOKUP($L47&"_"&AB47,Final_manabou_kanji[],6,0),"") | R47: =IFERROR(VLOOKUP($L47&"_"&AC47,Final_manabou_kanji[],6,0),"") | S47: =IFERROR(VLOOKUP($L47&"_"&AD47,Final_manabou_kanji[],6,0),"") | T47: =IFERROR(VLOOKUP($L47&"_"&AE47,Final_manabou_kanji[],6,0),"") | W47: =IF(V47="",$W46,$V47) -> 2章5課 | X47: =IF($V47="",X46+8,X$1) -> 33 | Y47: =IF($V47="",Y46+8,Y$1) -> 34 | Z47: =IF($V47="",Z46+8,Z$1) -> 35 | AA47: =IF($V47="",AA46+8,AA$1) -> 36 | AB47: =IF($V47="",AB46+8,AB$1) -> 37 | AC47: =IF($V47="",AC46+8,AC$1) -> 38 | AD47: =IF($V47="",AD46+8,AD$1) -> 39 | AE47: =IF($V47="",AE46+8,AE$1) -> 40 | AH47: 27 | AI47: =$W47&X47 -> 2章5課33 | AJ47: =$W47&Y47 -> 2章5課34 | AK47: =$W47&Z47 -> 2章5課35 | AL47: =$W47&AA47 -> 2章5課36 | AM47: =$W47&AB47 -> 2章5課37 | AN47: =$W47&AC47 -> 2章5課38 | AO47: =$W47&AD47 -> 2章5課39 | AP47: =$W47&AE47 -> 2章5課40
A48: =IF($X48=1,$A47+1,$A47) -> 9 | B48: =IF(V48="",$B47,$V48) -> 2章5課 | C48: =IFERROR(VLOOKUP($B48&"_"&X48,Raw_data_N2_Kanji[[Receipe no]:[Receipe]],4,0),"") | D48: =IFERROR(VLOOKUP($B48&"_"&Y48,Raw_data_N2_Kanji[[Receipe no]:[Receipe]],4,0),"") | E48: =IFERROR(VLOOKUP($B48&"_"&Z48,Raw_data_N2_Kanji[[Receipe no]:[Receipe]],4,0),"") | F48: =IFERROR(VLOOKUP($B48&"_"&AA48,Raw_data_N2_Kanji[[Receipe no]:[Receipe]],4,0),"") | G48: =IFERROR(VLOOKUP($B48&"_"&AB48,Raw_data_N2_Kanji[[Receipe no]:[Receipe]],4,0),"") | H48: =IFERROR(VLOOKUP($B48&"_"&AC48,Raw_data_N2_Kanji[[Receipe no]:[Receipe]],4,0),"") | I48: =IFERROR(VLOOKUP($B48&"_"&AD48,Raw_data_N2_Kanji[[Receipe no]:[Receipe]],4,0),"") | J48: =IFERROR(VLOOKUP($B48&"_"&AE48,Raw_data_N2_Kanji[[Receipe no]:[Receipe]],4,0),"") | L48: =$W48 -> 2章5課 | M48: =IFERROR(VLOOKUP($L48&"_"&X48,Final_manabou_kanji[],6,0),"") | N48: =IFERROR(VLOOKUP($L48&"_"&Y48,Final_manabou_kanji[],6,0),"") | O48: =IFERROR(VLOOKUP($L48&"_"&Z48,Final_manabou_kanji[],6,0),"") | P48: =IFERROR(VLOOKUP($L48&"_"&AA48,Final_manabou_kanji[],6,0),"") | Q48: =IFERROR(VLOOKUP($L48&"_"&AB48,Final_manabou_kanji[],6,0),"") | R48: =IFERROR(VLOOKUP($L48&"_"&AC48,Final_manabou_kanji[],6,0),"") | S48: =IFERROR(VLOOKUP($L48&"_"&AD48,Final_manabou_kanji[],6,0),"") | T48: =IFERROR(VLOOKUP($L48&"_"&AE48,Final_manabou_kanji[],6,0),"") | W48: =IF(V48="",$W47,$V48) -> 2章5課 | X48: =IF($V48="",X47+8,X$1) -> 41 | Y48: =IF($V48="",Y47+8,Y$1) -> 42 | Z48: =IF($V48="",Z47+8,Z$1) -> 43 | AA48: =IF($V48="",AA47+8,AA$1) -> 44 | AB48: =IF($V48="",AB47+8,AB$1) -> 45 | AC48: =IF($V48="",AC47+8,AC$1) -> 46 | AD48: =IF($V48="",AD47+8,AD$1) -> 47 | AE48: =IF($V48="",AE47+8,AE$1) -> 48 | AH48: 27 | AI48: =$W48&X48 -> 2章5課41 | AJ48: =$W48&Y48 -> 2章5課42 | AK48: =$W48&Z48 -> 2章5課43 | AL48: =$W48&AA48 -> 2章5課44 | AM48: =$W48&AB48 -> 2章5課45 | AN48: =$W48&AC48 -> 2章5課46 | AO48: =$W48&AD48 -> 2章5課47 | AP48: =$W48&AE48 -> 2章5課48
A49: =IF($X49=1,$A48+1,$A48) -> 10 | B49: =IF(V49="",$B48,$V49) -> 3章1課 | C49: =IFERROR(VLOOKUP($B49&"_"&X49,Raw_data_N2_Kanji[[Receipe no]:[Receipe]],4,0),"") | D49: =IFERROR(VLOOKUP($B49&"_"&Y49,Raw_data_N2_Kanji[[Receipe no]:[Receipe]],4,0),"") | E49: =IFERROR(VLOOKUP($B49&"_"&Z49,Raw_data_N2_Kanji[[Receipe no]:[Receipe]],4,0),"") | F49: =IFERROR(VLOOKUP($B49&"_"&AA49,Raw_data_N2_Kanji[[Receipe no]:[Receipe]],4,0),"") | G49: =IFERROR(VLOOKUP($B49&"_"&AB49,Raw_data_N2_Kanji[[Receipe no]:[Receipe]],4,0),"") | H49: =IFERROR(VLOOKUP($B49&"_"&AC49,Raw_data_N2_Kanji[[Receipe no]:[Receipe]],4,0),"") | I49: =IFERROR(VLOOKUP($B49&"_"&AD49,Raw_data_N2_Kanji[[Receipe no]:[Receipe]],4,0),"") | J49: =IFERROR(VLOOKUP($B49&"_"&AE49,Raw_data_N2_Kanji[[Receipe no]:[Receipe]],4,0),"") | L49: =$W49 -> 3章1課 | M49: =IFERROR(VLOOKUP($L49&"_"&X49,Final_manabou_kanji[],6,0),"") | N49: =IFERROR(VLOOKUP($L49&"_"&Y49,Final_manabou_kanji[],6,0),"") | O49: =IFERROR(VLOOKUP($L49&"_"&Z49,Final_manabou_kanji[],6,0),"") | P49: =IFERROR(VLOOKUP($L49&"_"&AA49,Final_manabou_kanji[],6,0),"") | Q49: =IFERROR(VLOOKUP($L49&"_"&AB49,Final_manabou_kanji[],6,0),"") | R49: =IFERROR(VLOOKUP($L49&"_"&AC49,Final_manabou_kanji[],6,0),"") | S49: =IFERROR(VLOOKUP($L49&"_"&AD49,Final_manabou_kanji[],6,0),"") | T49: =IFERROR(VLOOKUP($L49&"_"&AE49,Final_manabou_kanji[],6,0),"") | V49: 3章1課 | W49: =IF(V49="",$W48,$V49) -> 3章1課 | X49: =IF($V49="",X48+8,X$1) -> 1 | Y49: =IF($V49="",Y48+8,Y$1) -> 2 | Z49: =IF($V49="",Z48+8,Z$1) -> 3 | AA49: =IF($V49="",AA48+8,AA$1) -> 4 | AB49: =IF($V49="",AB48+8,AB$1) -> 5 | AC49: =IF($V49="",AC48+8,AC$1) -> 6 | AD49: =IF($V49="",AD48+8,AD$1) -> 7 | AE49: =IF($V49="",AE48+8,AE$1) -> 8 | AH49: 27 | AI49: =$W49&X49 -> 3章1課1 | AJ49: =$W49&Y49 -> 3章1課2 | AK49: =$W49&Z49 -> 3章1課3 | AL49: =$W49&AA49 -> 3章1課4 | AM49: =$W49&AB49 -> 3章1課5 | AN49: =$W49&AC49 -> 3章1課6 | AO49: =$W49&AD49 -> 3章1課7 | AP49: =$W49&AE49 -> 3章1課8
A50: =IF($X50=1,$A49+1,$A49) -> 10 | B50: =IF(V50="",$B49,$V50) -> 3章1課 | C50: =IFERROR(VLOOKUP($B50&"_"&X50,Raw_data_N2_Kanji[[Receipe no]:[Receipe]],4,0),"") | D50: =IFERROR(VLOOKUP($B50&"_"&Y50,Raw_data_N2_Kanji[[Receipe no]:[Receipe]],4,0),"") | E50: =IFERROR(VLOOKUP($B50&"_"&Z50,Raw_data_N2_Kanji[[Receipe no]:[Receipe]],4,0),"") | F50: =IFERROR(VLOOKUP($B50&"_"&AA50,Raw_data_N2_Kanji[[Receipe no]:[Receipe]],4,0),"") | G50: =IFERROR(VLOOKUP($B50&"_"&AB50,Raw_data_N2_Kanji[[Receipe no]:[Receipe]],4,0),"") | H50: =IFERROR(VLOOKUP($B50&"_"&AC50,Raw_data_N2_Kanji[[Receipe no]:[Receipe]],4,0),"") | I50: =IFERROR(VLOOKUP($B50&"_"&AD50,Raw_data_N2_Kanji[[Receipe no]:[Receipe]],4,0),"") | J50: =IFERROR(VLOOKUP($B50&"_"&AE50,Raw_data_N2_Kanji[[Receipe no]:[Receipe]],4,0),"") | L50: =$W50 -> 3章1課 | M50: =IFERROR(VLOOKUP($L50&"_"&X50,Final_manabou_kanji[],6,0),"") | N50: =IFERROR(VLOOKUP($L50&"_"&Y50,Final_manabou_kanji[],6,0),"") | O50: =IFERROR(VLOOKUP($L50&"_"&Z50,Final_manabou_kanji[],6,0),"") | P50: =IFERROR(VLOOKUP($L50&"_"&AA50,Final_manabou_kanji[],6,0),"") | Q50: =IFERROR(VLOOKUP($L50&"_"&AB50,Final_manabou_kanji[],6,0),"") | R50: =IFERROR(VLOOKUP($L50&"_"&AC50,Final_manabou_kanji[],6,0),"") | S50: =IFERROR(VLOOKUP($L50&"_"&AD50,Final_manabou_kanji[],6,0),"") | T50: =IFERROR(VLOOKUP($L50&"_"&AE50,Final_manabou_kanji[],6,0),"") | W50: =IF(V50="",$W49,$V50) -> 3章1課 | X50: =IF($V50="",X49+8,X$1) -> 9 | Y50: =IF($V50="",Y49+8,Y$1) -> 10 | Z50: =IF($V50="",Z49+8,Z$1) -> 11 | AA50: =IF($V50="",AA49+8,AA$1) -> 12 | AB50: =IF($V50="",AB49+8,AB$1) -> 13 | AC50: =IF($V50="",AC49+8,AC$1) -> 14 | AD50: =IF($V50="",AD49+8,AD$1) -> 15 | AE50: =IF($V50="",AE49+8,AE$1) -> 16 | AH50: 27 | AI50: =$W50&X50 -> 3章1課9 | AJ50: =$W50&Y50 -> 3章1課10 | AK50: =$W50&Z50 -> 3章1課11 | AL50: =$W50&AA50 -> 3章1課12 | AM50: =$W50&AB50 -> 3章1課13 | AN50: =$W50&AC50 -> 3章1課14 | AO50: =$W50&AD50 -> 3章1課15 | AP50: =$W50&AE50 -> 3章1課16
A51: =IF($X51=1,$A50+1,$A50) -> 10 | B51: =IF(V51="",$B50,$V51) -> 3章1課 | C51: =IFERROR(VLOOKUP($B51&"_"&X51,Raw_data_N2_Kanji[[Receipe no]:[Receipe]],4,0),"") | D51: =IFERROR(VLOOKUP($B51&"_"&Y51,Raw_data_N2_Kanji[[Receipe no]:[Receipe]],4,0),"") | E51: =IFERROR(VLOOKUP($B51&"_"&Z51,Raw_data_N2_Kanji[[Receipe no]:[Receipe]],4,0),"") | F51: =IFERROR(VLOOKUP($B51&"_"&AA51,Raw_data_N2_Kanji[[Receipe no]:[Receipe]],4,0),"") | G51: =IFERROR(VLOOKUP($B51&"_"&AB51,Raw_data_N2_Kanji[[Receipe no]:[Receipe]],4,0),"") | H51: =IFERROR(VLOOKUP($B51&"_"&AC51,Raw_data_N2_Kanji[[Receipe no]:[Receipe]],4,0),"") | I51: =IFERROR(VLOOKUP($B51&"_"&AD51,Raw_data_N2_Kanji[[Receipe no]:[Receipe]],4,0),"") | J51: =IFERROR(VLOOKUP($B51&"_"&AE51,Raw_data_N2_Kanji[[Receipe no]:[Receipe]],4,0),"") | L51: =$W51 -> 3章1課 | M51: =IFERROR(VLOOKUP($L51&"_"&X51,Final_manabou_kanji[],6,0),"") | N51: =IFERROR(VLOOKUP($L51&"_"&Y51,Final_manabou_kanji[],6,0),"") | O51: =IFERROR(VLOOKUP($L51&"_"&Z51,Final_manabou_kanji[],6,0),"") | P51: =IFERROR(VLOOKUP($L51&"_"&AA51,Final_manabou_kanji[],6,0),"") | Q51: =IFERROR(VLOOKUP($L51&"_"&AB51,Final_manabou_kanji[],6,0),"") | R51: =IFERROR(VLOOKUP($L51&"_"&AC51,Final_manabou_kanji[],6,0),"") | S51: =IFERROR(VLOOKUP($L51&"_"&AD51,Final_manabou_kanji[],6,0),"") | T51: =IFERROR(VLOOKUP($L51&"_"&AE51,Final_manabou_kanji[],6,0),"") | W51: =IF(V51="",$W50,$V51) -> 3章1課 | X51: =IF($V51="",X50+8,X$1) -> 17 | Y51: =IF($V51="",Y50+8,Y$1) -> 18 | Z51: =IF($V51="",Z50+8,Z$1) -> 19 | AA51: =IF($V51="",AA50+8,AA$1) -> 20 | AB51: =IF($V51="",AB50+8,AB$1) -> 21 | AC51: =IF($V51="",AC50+8,AC$1) -> 22 | AD51: =IF($V51="",AD50+8,AD$1) -> 23 | AE51: =IF($V51="",AE50+8,AE$1) -> 24 | AH51: 27 | AI51: =$W51&X51 -> 3章1課17 | AJ51: =$W51&Y51 -> 3章1課18 | AK51: =$W51&Z51 -> 3章1課19 | AL51: =$W51&AA51 -> 3章1課20 | AM51: =$W51&AB51 -> 3章1課21 | AN51: =$W51&AC51 -> 3章1課22 | AO51: =$W51&AD51 -> 3章1課23 | AP51: =$W51&AE51 -> 3章1課24
A52: =IF($X52=1,$A51+1,$A51) -> 11 | B52: =IF(V52="",$B51,$V52) -> 3章2課 | C52: =IFERROR(VLOOKUP($B52&"_"&X52,Raw_data_N2_Kanji[[Receipe no]:[Receipe]],4,0),"") | D52: =IFERROR(VLOOKUP($B52&"_"&Y52,Raw_data_N2_Kanji[[Receipe no]:[Receipe]],4,0),"") | E52: =IFERROR(VLOOKUP($B52&"_"&Z52,Raw_data_N2_Kanji[[Receipe no]:[Receipe]],4,0),"") | F52: =IFERROR(VLOOKUP($B52&"_"&AA52,Raw_data_N2_Kanji[[Receipe no]:[Receipe]],4,0),"") | G52: =IFERROR(VLOOKUP($B52&"_"&AB52,Raw_data_N2_Kanji[[Receipe no]:[Receipe]],4,0),"") | H52: =IFERROR(VLOOKUP($B52&"_"&AC52,Raw_data_N2_Kanji[[Receipe no]:[Receipe]],4,0),"") | I52: =IFERROR(VLOOKUP($B52&"_"&AD52,Raw_data_N2_Kanji[[Receipe no]:[Receipe]],4,0),"") | J52: =IFERROR(VLOOKUP($B52&"_"&AE52,Raw_data_N2_Kanji[[Receipe no]:[Receipe]],4,0),"") | L52: =$W52 -> 3章2課 | M52: =IFERROR(VLOOKUP($L52&"_"&X52,Final_manabou_kanji[],6,0),"") | N52: =IFERROR(VLOOKUP($L52&"_"&Y52,Final_manabou_kanji[],6,0),"") | O52: =IFERROR(VLOOKUP($L52&"_"&Z52,Final_manabou_kanji[],6,0),"") | P52: =IFERROR(VLOOKUP($L52&"_"&AA52,Final_manabou_kanji[],6,0),"") | Q52: =IFERROR(VLOOKUP($L52&"_"&AB52,Final_manabou_kanji[],6,0),"") | R52: =IFERROR(VLOOKUP($L52&"_"&AC52,Final_manabou_kanji[],6,0),"") | S52: =IFERROR(VLOOKUP($L52&"_"&AD52,Final_manabou_kanji[],6,0),"") | T52: =IFERROR(VLOOKUP($L52&"_"&AE52,Final_manabou_kanji[],6,0),"") | V52: 3章2課 | W52: =IF(V52="",$W51,$V52) -> 3章2課 | X52: =IF($V52="",X51+8,X$1) -> 1 | Y52: =IF($V52="",Y51+8,Y$1) -> 2 | Z52: =IF($V52="",Z51+8,Z$1) -> 3 | AA52: =IF($V52="",AA51+8,AA$1) -> 4 | AB52: =IF($V52="",AB51+8,AB$1) -> 5 | AC52: =IF($V52="",AC51+8,AC$1) -> 6 | AD52: =IF($V52="",AD51+8,AD$1) -> 7 | AE52: =IF($V52="",AE51+8,AE$1) -> 8 | AH52: 28 | AI52: =$W52&X52 -> 3章2課1 | AJ52: =$W52&Y52 -> 3章2課2 | AK52: =$W52&Z52 -> 3章2課3 | AL52: =$W52&AA52 -> 3章2課4 | AM52: =$W52&AB52 -> 3章2課5 | AN52: =$W52&AC52 -> 3章2課6 | AO52: =$W52&AD52 -> 3章2課7 | AP52: =$W52&AE52 -> 3章2課8
A53: =IF($X53=1,$A52+1,$A52) -> 11 | B53: =IF(V53="",$B52,$V53) -> 3章2課 | C53: =IFERROR(VLOOKUP($B53&"_"&X53,Raw_data_N2_Kanji[[Receipe no]:[Receipe]],4,0),"") | D53: =IFERROR(VLOOKUP($B53&"_"&Y53,Raw_data_N2_Kanji[[Receipe no]:[Receipe]],4,0),"") | E53: =IFERROR(VLOOKUP($B53&"_"&Z53,Raw_data_N2_Kanji[[Receipe no]:[Receipe]],4,0),"") | F53: =IFERROR(VLOOKUP($B53&"_"&AA53,Raw_data_N2_Kanji[[Receipe no]:[Receipe]],4,0),"") | G53: =IFERROR(VLOOKUP($B53&"_"&AB53,Raw_data_N2_Kanji[[Receipe no]:[Receipe]],4,0),"") | H53: =IFERROR(VLOOKUP($B53&"_"&AC53,Raw_data_N2_Kanji[[Receipe no]:[Receipe]],4,0),"") | I53: =IFERROR(VLOOKUP($B53&"_"&AD53,Raw_data_N2_Kanji[[Receipe no]:[Receipe]],4,0),"") | J53: =IFERROR(VLOOKUP($B53&"_"&AE53,Raw_data_N2_Kanji[[Receipe no]:[Receipe]],4,0),"") | L53: =$W53 -> 3章2課 | M53: =IFERROR(VLOOKUP($L53&"_"&X53,Final_manabou_kanji[],6,0),"") | N53: =IFERROR(VLOOKUP($L53&"_"&Y53,Final_manabou_kanji[],6,0),"") | O53: =IFERROR(VLOOKUP($L53&"_"&Z53,Final_manabou_kanji[],6,0),"") | P53: =IFERROR(VLOOKUP($L53&"_"&AA53,Final_manabou_kanji[],6,0),"") | Q53: =IFERROR(VLOOKUP($L53&"_"&AB53,Final_manabou_kanji[],6,0),"") | R53: =IFERROR(VLOOKUP($L53&"_"&AC53,Final_manabou_kanji[],6,0),"") | S53: =IFERROR(VLOOKUP($L53&"_"&AD53,Final_manabou_kanji[],6,0),"") | T53: =IFERROR(VLOOKUP($L53&"_"&AE53,Final_manabou_kanji[],6,0),"") | W53: =IF(V53="",$W52,$V53) -> 3章2課 | X53: =IF($V53="",X52+8,X$1) -> 9 | Y53: =IF($V53="",Y52+8,Y$1) -> 10 | Z53: =IF($V53="",Z52+8,Z$1) -> 11 | AA53: =IF($V53="",AA52+8,AA$1) -> 12 | AB53: =IF($V53="",AB52+8,AB$1) -> 13 | AC53: =IF($V53="",AC52+8,AC$1) -> 14 | AD53: =IF($V53="",AD52+8,AD$1) -> 15 | AE53: =IF($V53="",AE52+8,AE$1) -> 16 | AH53: 28 | AI53: =$W53&X53 -> 3章2課9 | AJ53: =$W53&Y53 -> 3章2課10 | AK53: =$W53&Z53 -> 3章2課11 | AL53: =$W53&AA53 -> 3章2課12 | AM53: =$W53&AB53 -> 3章2課13 | AN53: =$W53&AC53 -> 3章2課14 | AO53: =$W53&AD53 -> 3章2課15 | AP53: =$W53&AE53 -> 3章2課16
A54: =IF($X54=1,$A53+1,$A53) -> 11 | B54: =IF(V54="",$B53,$V54) -> 3章2課 | C54: =IFERROR(VLOOKUP($B54&"_"&X54,Raw_data_N2_Kanji[[Receipe no]:[Receipe]],4,0),"") | D54: =IFERROR(VLOOKUP($B54&"_"&Y54,Raw_data_N2_Kanji[[Receipe no]:[Receipe]],4,0),"") | E54: =IFERROR(VLOOKUP($B54&"_"&Z54,Raw_data_N2_Kanji[[Receipe no]:[Receipe]],4,0),"") | F54: =IFERROR(VLOOKUP($B54&"_"&AA54,Raw_data_N2_Kanji[[Receipe no]:[Receipe]],4,0),"") | G54: =IFERROR(VLOOKUP($B54&"_"&AB54,Raw_data_N2_Kanji[[Receipe no]:[Receipe]],4,0),"") | H54: =IFERROR(VLOOKUP($B54&"_"&AC54,Raw_data_N2_Kanji[[Receipe no]:[Receipe]],4,0),"") | I54: =IFERROR(VLOOKUP($B54&"_"&AD54,Raw_data_N2_Kanji[[Receipe no]:[Receipe]],4,0),"") | J54: =IFERROR(VLOOKUP($B54&"_"&AE54,Raw_data_N2_Kanji[[Receipe no]:[Receipe]],4,0),"") | L54: =$W54 -> 3章2課 | M54: =IFERROR(VLOOKUP($L54&"_"&X54,Final_manabou_kanji[],6,0),"") | N54: =IFERROR(VLOOKUP($L54&"_"&Y54,Final_manabou_kanji[],6,0),"") | O54: =IFERROR(VLOOKUP($L54&"_"&Z54,Final_manabou_kanji[],6,0),"") | P54: =IFERROR(VLOOKUP($L54&"_"&AA54,Final_manabou_kanji[],6,0),"") | Q54: =IFERROR(VLOOKUP($L54&"_"&AB54,Final_manabou_kanji[],6,0),"") | R54: =IFERROR(VLOOKUP($L54&"_"&AC54,Final_manabou_kanji[],6,0),"") | S54: =IFERROR(VLOOKUP($L54&"_"&AD54,Final_manabou_kanji[],6,0),"") | T54: =IFERROR(VLOOKUP($L54&"_"&AE54,Final_manabou_kanji[],6,0),"") | W54: =IF(V54="",$W53,$V54) -> 3章2課 | X54: =IF($V54="",X53+8,X$1) -> 17 | Y54: =IF($V54="",Y53+8,Y$1) -> 18 | Z54: =IF($V54="",Z53+8,Z$1) -> 19 | AA54: =IF($V54="",AA53+8,AA$1) -> 20 | AB54: =IF($V54="",AB53+8,AB$1) -> 21 | AC54: =IF($V54="",AC53+8,AC$1) -> 22 | AD54: =IF($V54="",AD53+8,AD$1) -> 23 | AE54: =IF($V54="",AE53+8,AE$1) -> 24 | AH54: 28 | AI54: =$W54&X54 -> 3章2課17 | AJ54: =$W54&Y54 -> 3章2課18 | AK54: =$W54&Z54 -> 3章2課19 | AL54: =$W54&AA54 -> 3章2課20 | AM54: =$W54&AB54 -> 3章2課21 | AN54: =$W54&AC54 -> 3章2課22 | AO54: =$W54&AD54 -> 3章2課23 | AP54: =$W54&AE54 -> 3章2課24
A55: =IF($X55=1,$A54+1,$A54) -> 11 | B55: =IF(V55="",$B54,$V55) -> 3章2課 | C55: =IFERROR(VLOOKUP($B55&"_"&X55,Raw_data_N2_Kanji[[Receipe no]:[Receipe]],4,0),"") | D55: =IFERROR(VLOOKUP($B55&"_"&Y55,Raw_data_N2_Kanji[[Receipe no]:[Receipe]],4,0),"") | E55: =IFERROR(VLOOKUP($B55&"_"&Z55,Raw_data_N2_Kanji[[Receipe no]:[Receipe]],4,0),"") | F55: =IFERROR(VLOOKUP($B55&"_"&AA55,Raw_data_N2_Kanji[[Receipe no]:[Receipe]],4,0),"") | G55: =IFERROR(VLOOKUP($B55&"_"&AB55,Raw_data_N2_Kanji[[Receipe no]:[Receipe]],4,0),"") | H55: =IFERROR(VLOOKUP($B55&"_"&AC55,Raw_data_N2_Kanji[[Receipe no]:[Receipe]],4,0),"") | I55: =IFERROR(VLOOKUP($B55&"_"&AD55,Raw_data_N2_Kanji[[Receipe no]:[Receipe]],4,0),"") | J55: =IFERROR(VLOOKUP($B55&"_"&AE55,Raw_data_N2_Kanji[[Receipe no]:[Receipe]],4,0),"") | L55: =$W55 -> 3章2課 | M55: =IFERROR(VLOOKUP($L55&"_"&X55,Final_manabou_kanji[],6,0),"") | N55: =IFERROR(VLOOKUP($L55&"_"&Y55,Final_manabou_kanji[],6,0),"") | O55: =IFERROR(VLOOKUP($L55&"_"&Z55,Final_manabou_kanji[],6,0),"") | P55: =IFERROR(VLOOKUP($L55&"_"&AA55,Final_manabou_kanji[],6,0),"") | Q55: =IFERROR(VLOOKUP($L55&"_"&AB55,Final_manabou_kanji[],6,0),"") | R55: =IFERROR(VLOOKUP($L55&"_"&AC55,Final_manabou_kanji[],6,0),"") | S55: =IFERROR(VLOOKUP($L55&"_"&AD55,Final_manabou_kanji[],6,0),"") | T55: =IFERROR(VLOOKUP($L55&"_"&AE55,Final_manabou_kanji[],6,0),"") | W55: =IF(V55="",$W54,$V55) -> 3章2課 | X55: =IF($V55="",X54+8,X$1) -> 25 | Y55: =IF($V55="",Y54+8,Y$1) -> 26 | Z55: =IF($V55="",Z54+8,Z$1) -> 27 | AA55: =IF($V55="",AA54+8,AA$1) -> 28 | AB55: =IF($V55="",AB54+8,AB$1) -> 29 | AC55: =IF($V55="",AC54+8,AC$1) -> 30 | AD55: =IF($V55="",AD54+8,AD$1) -> 31 | AE55: =IF($V55="",AE54+8,AE$1) -> 32 | AH55: 28 | AI55: =$W55&X55 -> 3章2課25 | AJ55: =$W55&Y55 -> 3章2課26 | AK55: =$W55&Z55 -> 3章2課27 | AL55: =$W55&AA55 -> 3章2課28 | AM55: =$W55&AB55 -> 3章2課29 | AN55: =$W55&AC55 -> 3章2課30 | AO55: =$W55&AD55 -> 3章2課31 | AP55: =$W55&AE55 -> 3章2課32
A56: =IF($X56=1,$A55+1,$A55) -> 11 | B56: =IF(V56="",$B55,$V56) -> 3章2課 | C56: =IFERROR(VLOOKUP($B56&"_"&X56,Raw_data_N2_Kanji[[Receipe no]:[Receipe]],4,0),"") | D56: =IFERROR(VLOOKUP($B56&"_"&Y56,Raw_data_N2_Kanji[[Receipe no]:[Receipe]],4,0),"") | E56: =IFERROR(VLOOKUP($B56&"_"&Z56,Raw_data_N2_Kanji[[Receipe no]:[Receipe]],4,0),"") | F56: =IFERROR(VLOOKUP($B56&"_"&AA56,Raw_data_N2_Kanji[[Receipe no]:[Receipe]],4,0),"") | G56: =IFERROR(VLOOKUP($B56&"_"&AB56,Raw_data_N2_Kanji[[Receipe no]:[Receipe]],4,0),"") | H56: =IFERROR(VLOOKUP($B56&"_"&AC56,Raw_data_N2_Kanji[[Receipe no]:[Receipe]],4,0),"") | I56: =IFERROR(VLOOKUP($B56&"_"&AD56,Raw_data_N2_Kanji[[Receipe no]:[Receipe]],4,0),"") | J56: =IFERROR(VLOOKUP($B56&"_"&AE56,Raw_data_N2_Kanji[[Receipe no]:[Receipe]],4,0),"") | L56: =$W56 -> 3章2課 | M56: =IFERROR(VLOOKUP($L56&"_"&X56,Final_manabou_kanji[],6,0),"") | N56: =IFERROR(VLOOKUP($L56&"_"&Y56,Final_manabou_kanji[],6,0),"") | O56: =IFERROR(VLOOKUP($L56&"_"&Z56,Final_manabou_kanji[],6,0),"") | P56: =IFERROR(VLOOKUP($L56&"_"&AA56,Final_manabou_kanji[],6,0),"") | Q56: =IFERROR(VLOOKUP($L56&"_"&AB56,Final_manabou_kanji[],6,0),"") | R56: =IFERROR(VLOOKUP($L56&"_"&AC56,Final_manabou_kanji[],6,0),"") | S56: =IFERROR(VLOOKUP($L56&"_"&AD56,Final_manabou_kanji[],6,0),"") | T56: =IFERROR(VLOOKUP($L56&"_"&AE56,Final_manabou_kanji[],6,0),"") | W56: =IF(V56="",$W55,$V56) -> 3章2課 | X56: =IF($V56="",X55+8,X$1) -> 33 | Y56: =IF($V56="",Y55+8,Y$1) -> 34 | Z56: =IF($V56="",Z55+8,Z$1) -> 35 | AA56: =IF($V56="",AA55+8,AA$1) -> 36 | AB56: =IF($V56="",AB55+8,AB$1) -> 37 | AC56: =IF($V56="",AC55+8,AC$1) -> 38 | AD56: =IF($V56="",AD55+8,AD$1) -> 39 | AE56: =IF($V56="",AE55+8,AE$1) -> 40 | AH56: 28 | AI56: =$W56&X56 -> 3章2課33 | AJ56: =$W56&Y56 -> 3章2課34 | AK56: =$W56&Z56 -> 3章2課35 | AL56: =$W56&AA56 -> 3章2課36 | AM56: =$W56&AB56 -> 3章2課37 | AN56: =$W56&AC56 -> 3章2課38 | AO56: =$W56&AD56 -> 3章2課39 | AP56: =$W56&AE56 -> 3章2課40
A57: =IF($X57=1,$A56+1,$A56) -> 12 | B57: =IF(V57="",$B56,$V57) -> 3章3課 | C57: =IFERROR(VLOOKUP($B57&"_"&X57,Raw_data_N2_Kanji[[Receipe no]:[Receipe]],4,0),"") | D57: =IFERROR(VLOOKUP($B57&"_"&Y57,Raw_data_N2_Kanji[[Receipe no]:[Receipe]],4,0),"") | E57: =IFERROR(VLOOKUP($B57&"_"&Z57,Raw_data_N2_Kanji[[Receipe no]:[Receipe]],4,0),"") | F57: =IFERROR(VLOOKUP($B57&"_"&AA57,Raw_data_N2_Kanji[[Receipe no]:[Receipe]],4,0),"") | G57: =IFERROR(VLOOKUP($B57&"_"&AB57,Raw_data_N2_Kanji[[Receipe no]:[Receipe]],4,0),"") | H57: =IFERROR(VLOOKUP($B57&"_"&AC57,Raw_data_N2_Kanji[[Receipe no]:[Receipe]],4,0),"") | I57: =IFERROR(VLOOKUP($B57&"_"&AD57,Raw_data_N2_Kanji[[Receipe no]:[Receipe]],4,0),"") | J57: =IFERROR(VLOOKUP($B57&"_"&AE57,Raw_data_N2_Kanji[[Receipe no]:[Receipe]],4,0),"") | L57: =$W57 -> 3章3課 | M57: =IFERROR(VLOOKUP($L57&"_"&X57,Final_manabou_kanji[],6,0),"") | N57: =IFERROR(VLOOKUP($L57&"_"&Y57,Final_manabou_kanji[],6,0),"") | O57: =IFERROR(VLOOKUP($L57&"_"&Z57,Final_manabou_kanji[],6,0),"") | P57: =IFERROR(VLOOKUP($L57&"_"&AA57,Final_manabou_kanji[],6,0),"") | Q57: =IFERROR(VLOOKUP($L57&"_"&AB57,Final_manabou_kanji[],6,0),"") | R57: =IFERROR(VLOOKUP($L57&"_"&AC57,Final_manabou_kanji[],6,0),"") | S57: =IFERROR(VLOOKUP($L57&"_"&AD57,Final_manabou_kanji[],6,0),"") | T57: =IFERROR(VLOOKUP($L57&"_"&AE57,Final_manabou_kanji[],6,0),"") | V57: 3章3課 | W57: =IF(V57="",$W56,$V57) -> 3章3課 | X57: =IF($V57="",X56+8,X$1) -> 1 | Y57: =IF($V57="",Y56+8,Y$1) -> 2 | Z57: =IF($V57="",Z56+8,Z$1) -> 3 | AA57: =IF($V57="",AA56+8,AA$1) -> 4 | AB57: =IF($V57="",AB56+8,AB$1) -> 5 | AC57: =IF($V57="",AC56+8,AC$1) -> 6 | AD57: =IF($V57="",AD56+8,AD$1) -> 7 | AE57: =IF($V57="",AE56+8,AE$1) -> 8 | AH57: 28 | AI57: =$W57&X57 -> 3章3課1 | AJ57: =$W57&Y57 -> 3章3課2 | AK57: =$W57&Z57 -> 3章3課3 | AL57: =$W57&AA57 -> 3章3課4 | AM57: =$W57&AB57 -> 3章3課5 | AN57: =$W57&AC57 -> 3章3課6 | AO57: =$W57&AD57 -> 3章3課7 | AP57: =$W57&AE57 -> 3章3課8
A58: =IF($X58=1,$A57+1,$A57) -> 12 | B58: =IF(V58="",$B57,$V58) -> 3章3課 | C58: =IFERROR(VLOOKUP($B58&"_"&X58,Raw_data_N2_Kanji[[Receipe no]:[Receipe]],4,0),"") | D58: =IFERROR(VLOOKUP($B58&"_"&Y58,Raw_data_N2_Kanji[[Receipe no]:[Receipe]],4,0),"") | E58: =IFERROR(VLOOKUP($B58&"_"&Z58,Raw_data_N2_Kanji[[Receipe no]:[Receipe]],4,0),"") | F58: =IFERROR(VLOOKUP($B58&"_"&AA58,Raw_data_N2_Kanji[[Receipe no]:[Receipe]],4,0),"") | G58: =IFERROR(VLOOKUP($B58&"_"&AB58,Raw_data_N2_Kanji[[Receipe no]:[Receipe]],4,0),"") | H58: =IFERROR(VLOOKUP($B58&"_"&AC58,Raw_data_N2_Kanji[[Receipe no]:[Receipe]],4,0),"") | I58: =IFERROR(VLOOKUP($B58&"_"&AD58,Raw_data_N2_Kanji[[Receipe no]:[Receipe]],4,0),"") | J58: =IFERROR(VLOOKUP($B58&"_"&AE58,Raw_data_N2_Kanji[[Receipe no]:[Receipe]],4,0),"") | L58: =$W58 -> 3章3課 | M58: =IFERROR(VLOOKUP($L58&"_"&X58,Final_manabou_kanji[],6,0),"") | N58: =IFERROR(VLOOKUP($L58&"_"&Y58,Final_manabou_kanji[],6,0),"") | O58: =IFERROR(VLOOKUP($L58&"_"&Z58,Final_manabou_kanji[],6,0),"") | P58: =IFERROR(VLOOKUP($L58&"_"&AA58,Final_manabou_kanji[],6,0),"") | Q58: =IFERROR(VLOOKUP($L58&"_"&AB58,Final_manabou_kanji[],6,0),"") | R58: =IFERROR(VLOOKUP($L58&"_"&AC58,Final_manabou_kanji[],6,0),"") | S58: =IFERROR(VLOOKUP($L58&"_"&AD58,Final_manabou_kanji[],6,0),"") | T58: =IFERROR(VLOOKUP($L58&"_"&AE58,Final_manabou_kanji[],6,0),"") | W58: =IF(V58="",$W57,$V58) -> 3章3課 | X58: =IF($V58="",X57+8,X$1) -> 9 | Y58: =IF($V58="",Y57+8,Y$1) -> 10 | Z58: =IF($V58="",Z57+8,Z$1) -> 11 | AA58: =IF($V58="",AA57+8,AA$1) -> 12 | AB58: =IF($V58="",AB57+8,AB$1) -> 13 | AC58: =IF($V58="",AC57+8,AC$1) -> 14 | AD58: =IF($V58="",AD57+8,AD$1) -> 15 | AE58: =IF($V58="",AE57+8,AE$1) -> 16 | AH58: 29 | AI58: =$W58&X58 -> 3章3課9 | AJ58: =$W58&Y58 -> 3章3課10 | AK58: =$W58&Z58 -> 3章3課11 | AL58: =$W58&AA58 -> 3章3課12 | AM58: =$W58&AB58 -> 3章3課13 | AN58: =$W58&AC58 -> 3章3課14 | AO58: =$W58&AD58 -> 3章3課15 | AP58: =$W58&AE58 -> 3章3課16
A59: =IF($X59=1,$A58+1,$A58) -> 12 | B59: =IF(V59="",$B58,$V59) -> 3章3課 | C59: =IFERROR(VLOOKUP($B59&"_"&X59,Raw_data_N2_Kanji[[Receipe no]:[Receipe]],4,0),"") | D59: =IFERROR(VLOOKUP($B59&"_"&Y59,Raw_data_N2_Kanji[[Receipe no]:[Receipe]],4,0),"") | E59: =IFERROR(VLOOKUP($B59&"_"&Z59,Raw_data_N2_Kanji[[Receipe no]:[Receipe]],4,0),"") | F59: =IFERROR(VLOOKUP($B59&"_"&AA59,Raw_data_N2_Kanji[[Receipe no]:[Receipe]],4,0),"") | G59: =IFERROR(VLOOKUP($B59&"_"&AB59,Raw_data_N2_Kanji[[Receipe no]:[Receipe]],4,0),"") | H59: =IFERROR(VLOOKUP($B59&"_"&AC59,Raw_data_N2_Kanji[[Receipe no]:[Receipe]],4,0),"") | I59: =IFERROR(VLOOKUP($B59&"_"&AD59,Raw_data_N2_Kanji[[Receipe no]:[Receipe]],4,0),"") | J59: =IFERROR(VLOOKUP($B59&"_"&AE59,Raw_data_N2_Kanji[[Receipe no]:[Receipe]],4,0),"") | L59: =$W59 -> 3章3課 | M59: =IFERROR(VLOOKUP($L59&"_"&X59,Final_manabou_kanji[],6,0),"") | N59: =IFERROR(VLOOKUP($L59&"_"&Y59,Final_manabou_kanji[],6,0),"") | O59: =IFERROR(VLOOKUP($L59&"_"&Z59,Final_manabou_kanji[],6,0),"") | P59: =IFERROR(VLOOKUP($L59&"_"&AA59,Final_manabou_kanji[],6,0),"") | Q59: =IFERROR(VLOOKUP($L59&"_"&AB59,Final_manabou_kanji[],6,0),"") | R59: =IFERROR(VLOOKUP($L59&"_"&AC59,Final_manabou_kanji[],6,0),"") | S59: =IFERROR(VLOOKUP($L59&"_"&AD59,Final_manabou_kanji[],6,0),"") | T59: =IFERROR(VLOOKUP($L59&"_"&AE59,Final_manabou_kanji[],6,0),"") | W59: =IF(V59="",$W58,$V59) -> 3章3課 | X59: =IF($V59="",X58+8,X$1) -> 17 | Y59: =IF($V59="",Y58+8,Y$1) -> 18 | Z59: =IF($V59="",Z58+8,Z$1) -> 19 | AA59: =IF($V59="",AA58+8,AA$1) -> 20 | AB59: =IF($V59="",AB58+8,AB$1) -> 21 | AC59: =IF($V59="",AC58+8,AC$1) -> 22 | AD59: =IF($V59="",AD58+8,AD$1) -> 23 | AE59: =IF($V59="",AE58+8,AE$1) -> 24 | AH59: 29 | AI59: =$W59&X59 -> 3章3課17 | AJ59: =$W59&Y59 -> 3章3課18 | AK59: =$W59&Z59 -> 3章3課19 | AL59: =$W59&AA59 -> 3章3課20 | AM59: =$W59&AB59 -> 3章3課21 | AN59: =$W59&AC59 -> 3章3課22 | AO59: =$W59&AD59 -> 3章3課23 | AP59: =$W59&AE59 -> 3章3課24
A60: =IF($X60=1,$A59+1,$A59) -> 12 | B60: =IF(V60="",$B59,$V60) -> 3章3課 | C60: =IFERROR(VLOOKUP($B60&"_"&X60,Raw_data_N2_Kanji[[Receipe no]:[Receipe]],4,0),"") | D60: =IFERROR(VLOOKUP($B60&"_"&Y60,Raw_data_N2_Kanji[[Receipe no]:[Receipe]],4,0),"") | E60: =IFERROR(VLOOKUP($B60&"_"&Z60,Raw_data_N2_Kanji[[Receipe no]:[Receipe]],4,0),"") | F60: =IFERROR(VLOOKUP($B60&"_"&AA60,Raw_data_N2_Kanji[[Receipe no]:[Receipe]],4,0),"") | G60: =IFERROR(VLOOKUP($B60&"_"&AB60,Raw_data_N2_Kanji[[Receipe no]:[Receipe]],4,0),"") | H60: =IFERROR(VLOOKUP($B60&"_"&AC60,Raw_data_N2_Kanji[[Receipe no]:[Receipe]],4,0),"") | I60: =IFERROR(VLOOKUP($B60&"_"&AD60,Raw_data_N2_Kanji[[Receipe no]:[Receipe]],4,0),"") | J60: =IFERROR(VLOOKUP($B60&"_"&AE60,Raw_data_N2_Kanji[[Receipe no]:[Receipe]],4,0),"") | L60: =$W60 -> 3章3課 | M60: =IFERROR(VLOOKUP($L60&"_"&X60,Final_manabou_kanji[],6,0),"") | N60: =IFERROR(VLOOKUP($L60&"_"&Y60,Final_manabou_kanji[],6,0),"") | O60: =IFERROR(VLOOKUP($L60&"_"&Z60,Final_manabou_kanji[],6,0),"") | P60: =IFERROR(VLOOKUP($L60&"_"&AA60,Final_manabou_kanji[],6,0),"") | Q60: =IFERROR(VLOOKUP($L60&"_"&AB60,Final_manabou_kanji[],6,0),"") | R60: =IFERROR(VLOOKUP($L60&"_"&AC60,Final_manabou_kanji[],6,0),"") | S60: =IFERROR(VLOOKUP($L60&"_"&AD60,Final_manabou_kanji[],6,0),"") | T60: =IFERROR(VLOOKUP($L60&"_"&AE60,Final_manabou_kanji[],6,0),"") | W60: =IF(V60="",$W59,$V60) -> 3章3課 | X60: =IF($V60="",X59+8,X$1) -> 25 | Y60: =IF($V60="",Y59+8,Y$1) -> 26 | Z60: =IF($V60="",Z59+8,Z$1) -> 27 | AA60: =IF($V60="",AA59+8,AA$1) -> 28 | AB60: =IF($V60="",AB59+8,AB$1) -> 29 | AC60: =IF($V60="",AC59+8,AC$1) -> 30 | AD60: =IF($V60="",AD59+8,AD$1) -> 31 | AE60: =IF($V60="",AE59+8,AE$1) -> 32 | AH60: 29 | AI60: =$W60&X60 -> 3章3課25 | AJ60: =$W60&Y60 -> 3章3課26 | AK60: =$W60&Z60 -> 3章3課27 | AL60: =$W60&AA60 -> 3章3課28 | AM60: =$W60&AB60 -> 3章3課29 | AN60: =$W60&AC60 -> 3章3課30 | AO60: =$W60&AD60 -> 3章3課31 | AP60: =$W60&AE60 -> 3章3課32
A61: =IF($X61=1,$A60+1,$A60) -> 12 | B61: =IF(V61="",$B60,$V61) -> 3章3課 | C61: =IFERROR(VLOOKUP($B61&"_"&X61,Raw_data_N2_Kanji[[Receipe no]:[Receipe]],4,0),"") | D61: =IFERROR(VLOOKUP($B61&"_"&Y61,Raw_data_N2_Kanji[[Receipe no]:[Receipe]],4,0),"") | E61: =IFERROR(VLOOKUP($B61&"_"&Z61,Raw_data_N2_Kanji[[Receipe no]:[Receipe]],4,0),"") | F61: =IFERROR(VLOOKUP($B61&"_"&AA61,Raw_data_N2_Kanji[[Receipe no]:[Receipe]],4,0),"") | G61: =IFERROR(VLOOKUP($B61&"_"&AB61,Raw_data_N2_Kanji[[Receipe no]:[Receipe]],4,0),"") | H61: =IFERROR(VLOOKUP($B61&"_"&AC61,Raw_data_N2_Kanji[[Receipe no]:[Receipe]],4,0),"") | I61: =IFERROR(VLOOKUP($B61&"_"&AD61,Raw_data_N2_Kanji[[Receipe no]:[Receipe]],4,0),"") | J61: =IFERROR(VLOOKUP($B61&"_"&AE61,Raw_data_N2_Kanji[[Receipe no]:[Receipe]],4,0),"") | L61: =$W61 -> 3章3課 | M61: =IFERROR(VLOOKUP($L61&"_"&X61,Final_manabou_kanji[],6,0),"") | N61: =IFERROR(VLOOKUP($L61&"_"&Y61,Final_manabou_kanji[],6,0),"") | O61: =IFERROR(VLOOKUP($L61&"_"&Z61,Final_manabou_kanji[],6,0),"") | P61: =IFERROR(VLOOKUP($L61&"_"&AA61,Final_manabou_kanji[],6,0),"") | Q61: =IFERROR(VLOOKUP($L61&"_"&AB61,Final_manabou_kanji[],6,0),"") | R61: =IFERROR(VLOOKUP($L61&"_"&AC61,Final_manabou_kanji[],6,0),"") | S61: =IFERROR(VLOOKUP($L61&"_"&AD61,Final_manabou_kanji[],6,0),"") | T61: =IFERROR(VLOOKUP($L61&"_"&AE61,Final_manabou_kanji[],6,0),"") | W61: =IF(V61="",$W60,$V61) -> 3章3課 | X61: =IF($V61="",X60+8,X$1) -> 33 | Y61: =IF($V61="",Y60+8,Y$1) -> 34 | Z61: =IF($V61="",Z60+8,Z$1) -> 35 | AA61: =IF($V61="",AA60+8,AA$1) -> 36 | AB61: =IF($V61="",AB60+8,AB$1) -> 37 | AC61: =IF($V61="",AC60+8,AC$1) -> 38 | AD61: =IF($V61="",AD60+8,AD$1) -> 39 | AE61: =IF($V61="",AE60+8,AE$1) -> 40 | AH61: 29 | AI61: =$W61&X61 -> 3章3課33 | AJ61: =$W61&Y61 -> 3章3課34 | AK61: =$W61&Z61 -> 3章3課35 | AL61: =$W61&AA61 -> 3章3課36 | AM61: =$W61&AB61 -> 3章3課37 | AN61: =$W61&AC61 -> 3章3課38 | AO61: =$W61&AD61 -> 3章3課39 | AP61: =$W61&AE61 -> 3章3課40
A62: =IF($X62=1,$A61+1,$A61) -> 13 | B62: =IF(V62="",$B61,$V62) -> 3章4課 | C62: =IFERROR(VLOOKUP($B62&"_"&X62,Raw_data_N2_Kanji[[Receipe no]:[Receipe]],4,0),"") | D62: =IFERROR(VLOOKUP($B62&"_"&Y62,Raw_data_N2_Kanji[[Receipe no]:[Receipe]],4,0),"") | E62: =IFERROR(VLOOKUP($B62&"_"&Z62,Raw_data_N2_Kanji[[Receipe no]:[Receipe]],4,0),"") | F62: =IFERROR(VLOOKUP($B62&"_"&AA62,Raw_data_N2_Kanji[[Receipe no]:[Receipe]],4,0),"") | G62: =IFERROR(VLOOKUP($B62&"_"&AB62,Raw_data_N2_Kanji[[Receipe no]:[Receipe]],4,0),"") | H62: =IFERROR(VLOOKUP($B62&"_"&AC62,Raw_data_N2_Kanji[[Receipe no]:[Receipe]],4,0),"") | I62: =IFERROR(VLOOKUP($B62&"_"&AD62,Raw_data_N2_Kanji[[Receipe no]:[Receipe]],4,0),"") | J62: =IFERROR(VLOOKUP($B62&"_"&AE62,Raw_data_N2_Kanji[[Receipe no]:[Receipe]],4,0),"") | L62: =$W62 -> 3章4課 | M62: =IFERROR(VLOOKUP($L62&"_"&X62,Final_manabou_kanji[],6,0),"") | N62: =IFERROR(VLOOKUP($L62&"_"&Y62,Final_manabou_kanji[],6,0),"") | O62: =IFERROR(VLOOKUP($L62&"_"&Z62,Final_manabou_kanji[],6,0),"") | P62: =IFERROR(VLOOKUP($L62&"_"&AA62,Final_manabou_kanji[],6,0),"") | Q62: =IFERROR(VLOOKUP($L62&"_"&AB62,Final_manabou_kanji[],6,0),"") | R62: =IFERROR(VLOOKUP($L62&"_"&AC62,Final_manabou_kanji[],6,0),"") | S62: =IFERROR(VLOOKUP($L62&"_"&AD62,Final_manabou_kanji[],6,0),"") | T62: =IFERROR(VLOOKUP($L62&"_"&AE62,Final_manabou_kanji[],6,0),"") | V62: 3章4課 | W62: =IF(V62="",$W61,$V62) -> 3章4課 | X62: =IF($V62="",X61+8,X$1) -> 1 | Y62: =IF($V62="",Y61+8,Y$1) -> 2 | Z62: =IF($V62="",Z61+8,Z$1) -> 3 | AA62: =IF($V62="",AA61+8,AA$1) -> 4 | AB62: =IF($V62="",AB61+8,AB$1) -> 5 | AC62: =IF($V62="",AC61+8,AC$1) -> 6 | AD62: =IF($V62="",AD61+8,AD$1) -> 7 | AE62: =IF($V62="",AE61+8,AE$1) -> 8 | AH62: 29 | AI62: =$W62&X62 -> 3章4課1 | AJ62: =$W62&Y62 -> 3章4課2 | AK62: =$W62&Z62 -> 3章4課3 | AL62: =$W62&AA62 -> 3章4課4 | AM62: =$W62&AB62 -> 3章4課5 | AN62: =$W62&AC62 -> 3章4課6 | AO62: =$W62&AD62 -> 3章4課7 | AP62: =$W62&AE62 -> 3章4課8
A63: =IF($X63=1,$A62+1,$A62) -> 13 | B63: =IF(V63="",$B62,$V63) -> 3章4課 | C63: =IFERROR(VLOOKUP($B63&"_"&X63,Raw_data_N2_Kanji[[Receipe no]:[Receipe]],4,0),"") | D63: =IFERROR(VLOOKUP($B63&"_"&Y63,Raw_data_N2_Kanji[[Receipe no]:[Receipe]],4,0),"") | E63: =IFERROR(VLOOKUP($B63&"_"&Z63,Raw_data_N2_Kanji[[Receipe no]:[Receipe]],4,0),"") | F63: =IFERROR(VLOOKUP($B63&"_"&AA63,Raw_data_N2_Kanji[[Receipe no]:[Receipe]],4,0),"") | G63: =IFERROR(VLOOKUP($B63&"_"&AB63,Raw_data_N2_Kanji[[Receipe no]:[Receipe]],4,0),"") | H63: =IFERROR(VLOOKUP($B63&"_"&AC63,Raw_data_N2_Kanji[[Receipe no]:[Receipe]],4,0),"") | I63: =IFERROR(VLOOKUP($B63&"_"&AD63,Raw_data_N2_Kanji[[Receipe no]:[Receipe]],4,0),"") | J63: =IFERROR(VLOOKUP($B63&"_"&AE63,Raw_data_N2_Kanji[[Receipe no]:[Receipe]],4,0),"") | L63: =$W63 -> 3章4課 | M63: =IFERROR(VLOOKUP($L63&"_"&X63,Final_manabou_kanji[],6,0),"") | N63: =IFERROR(VLOOKUP($L63&"_"&Y63,Final_manabou_kanji[],6,0),"") | O63: =IFERROR(VLOOKUP($L63&"_"&Z63,Final_manabou_kanji[],6,0),"") | P63: =IFERROR(VLOOKUP($L63&"_"&AA63,Final_manabou_kanji[],6,0),"") | Q63: =IFERROR(VLOOKUP($L63&"_"&AB63,Final_manabou_kanji[],6,0),"") | R63: =IFERROR(VLOOKUP($L63&"_"&AC63,Final_manabou_kanji[],6,0),"") | S63: =IFERROR(VLOOKUP($L63&"_"&AD63,Final_manabou_kanji[],6,0),"") | T63: =IFERROR(VLOOKUP($L63&"_"&AE63,Final_manabou_kanji[],6,0),"") | W63: =IF(V63="",$W62,$V63) -> 3章4課 | X63: =IF($V63="",X62+8,X$1) -> 9 | Y63: =IF($V63="",Y62+8,Y$1) -> 10 | Z63: =IF($V63="",Z62+8,Z$1) -> 11 | AA63: =IF($V63="",AA62+8,AA$1) -> 12 | AB63: =IF($V63="",AB62+8,AB$1) -> 13 | AC63: =IF($V63="",AC62+8,AC$1) -> 14 | AD63: =IF($V63="",AD62+8,AD$1) -> 15 | AE63: =IF($V63="",AE62+8,AE$1) -> 16 | AH63: 29 | AI63: =$W63&X63 -> 3章4課9 | AJ63: =$W63&Y63 -> 3章4課10 | AK63: =$W63&Z63 -> 3章4課11 | AL63: =$W63&AA63 -> 3章4課12 | AM63: =$W63&AB63 -> 3章4課13 | AN63: =$W63&AC63 -> 3章4課14 | AO63: =$W63&AD63 -> 3章4課15 | AP63: =$W63&AE63 -> 3章4課16
A64: =IF($X64=1,$A63+1,$A63) -> 13 | B64: =IF(V64="",$B63,$V64) -> 3章4課 | C64: =IFERROR(VLOOKUP($B64&"_"&X64,Raw_data_N2_Kanji[[Receipe no]:[Receipe]],4,0),"") | D64: =IFERROR(VLOOKUP($B64&"_"&Y64,Raw_data_N2_Kanji[[Receipe no]:[Receipe]],4,0),"") | E64: =IFERROR(VLOOKUP($B64&"_"&Z64,Raw_data_N2_Kanji[[Receipe no]:[Receipe]],4,0),"") | F64: =IFERROR(VLOOKUP($B64&"_"&AA64,Raw_data_N2_Kanji[[Receipe no]:[Receipe]],4,0),"") | G64: =IFERROR(VLOOKUP($B64&"_"&AB64,Raw_data_N2_Kanji[[Receipe no]:[Receipe]],4,0),"") | H64: =IFERROR(VLOOKUP($B64&"_"&AC64,Raw_data_N2_Kanji[[Receipe no]:[Receipe]],4,0),"") | I64: =IFERROR(VLOOKUP($B64&"_"&AD64,Raw_data_N2_Kanji[[Receipe no]:[Receipe]],4,0),"") | J64: =IFERROR(VLOOKUP($B64&"_"&AE64,Raw_data_N2_Kanji[[Receipe no]:[Receipe]],4,0),"") | L64: =$W64 -> 3章4課 | M64: =IFERROR(VLOOKUP($L64&"_"&X64,Final_manabou_kanji[],6,0),"") | N64: =IFERROR(VLOOKUP($L64&"_"&Y64,Final_manabou_kanji[],6,0),"") | O64: =IFERROR(VLOOKUP($L64&"_"&Z64,Final_manabou_kanji[],6,0),"") | P64: =IFERROR(VLOOKUP($L64&"_"&AA64,Final_manabou_kanji[],6,0),"") | Q64: =IFERROR(VLOOKUP($L64&"_"&AB64,Final_manabou_kanji[],6,0),"") | R64: =IFERROR(VLOOKUP($L64&"_"&AC64,Final_manabou_kanji[],6,0),"") | S64: =IFERROR(VLOOKUP($L64&"_"&AD64,Final_manabou_kanji[],6,0),"") | T64: =IFERROR(VLOOKUP($L64&"_"&AE64,Final_manabou_kanji[],6,0),"") | W64: =IF(V64="",$W63,$V64) -> 3章4課 | X64: =IF($V64="",X63+8,X$1) -> 17 | Y64: =IF($V64="",Y63+8,Y$1) -> 18 | Z64: =IF($V64="",Z63+8,Z$1) -> 19 | AA64: =IF($V64="",AA63+8,AA$1) -> 20 | AB64: =IF($V64="",AB63+8,AB$1) -> 21 | AC64: =IF($V64="",AC63+8,AC$1) -> 22 | AD64: =IF($V64="",AD63+8,AD$1) -> 23 | AE64: =IF($V64="",AE63+8,AE$1) -> 24 | AH64: 29 | AI64: =$W64&X64 -> 3章4課17 | AJ64: =$W64&Y64 -> 3章4課18 | AK64: =$W64&Z64 -> 3章4課19 | AL64: =$W64&AA64 -> 3章4課20 | AM64: =$W64&AB64 -> 3章4課21 | AN64: =$W64&AC64 -> 3章4課22 | AO64: =$W64&AD64 -> 3章4課23 | AP64: =$W64&AE64 -> 3章4課24
A65: =IF($X65=1,$A64+1,$A64) -> 13 | B65: =IF(V65="",$B64,$V65) -> 3章4課 | C65: =IFERROR(VLOOKUP($B65&"_"&X65,Raw_data_N2_Kanji[[Receipe no]:[Receipe]],4,0),"") | D65: =IFERROR(VLOOKUP($B65&"_"&Y65,Raw_data_N2_Kanji[[Receipe no]:[Receipe]],4,0),"") | E65: =IFERROR(VLOOKUP($B65&"_"&Z65,Raw_data_N2_Kanji[[Receipe no]:[Receipe]],4,0),"") | F65: =IFERROR(VLOOKUP($B65&"_"&AA65,Raw_data_N2_Kanji[[Receipe no]:[Receipe]],4,0),"") | G65: =IFERROR(VLOOKUP($B65&"_"&AB65,Raw_data_N2_Kanji[[Receipe no]:[Receipe]],4,0),"") | H65: =IFERROR(VLOOKUP($B65&"_"&AC65,Raw_data_N2_Kanji[[Receipe no]:[Receipe]],4,0),"") | I65: =IFERROR(VLOOKUP($B65&"_"&AD65,Raw_data_N2_Kanji[[Receipe no]:[Receipe]],4,0),"") | J65: =IFERROR(VLOOKUP($B65&"_"&AE65,Raw_data_N2_Kanji[[Receipe no]:[Receipe]],4,0),"") | L65: =$W65 -> 3章4課 | M65: =IFERROR(VLOOKUP($L65&"_"&X65,Final_manabou_kanji[],6,0),"") | N65: =IFERROR(VLOOKUP($L65&"_"&Y65,Final_manabou_kanji[],6,0),"") | O65: =IFERROR(VLOOKUP($L65&"_"&Z65,Final_manabou_kanji[],6,0),"") | P65: =IFERROR(VLOOKUP($L65&"_"&AA65,Final_manabou_kanji[],6,0),"") | Q65: =IFERROR(VLOOKUP($L65&"_"&AB65,Final_manabou_kanji[],6,0),"") | R65: =IFERROR(VLOOKUP($L65&"_"&AC65,Final_manabou_kanji[],6,0),"") | S65: =IFERROR(VLOOKUP($L65&"_"&AD65,Final_manabou_kanji[],6,0),"") | T65: =IFERROR(VLOOKUP($L65&"_"&AE65,Final_manabou_kanji[],6,0),"") | W65: =IF(V65="",$W64,$V65) -> 3章4課 | X65: =IF($V65="",X64+8,X$1) -> 25 | Y65: =IF($V65="",Y64+8,Y$1) -> 26 | Z65: =IF($V65="",Z64+8,Z$1) -> 27 | AA65: =IF($V65="",AA64+8,AA$1) -> 28 | AB65: =IF($V65="",AB64+8,AB$1) -> 29 | AC65: =IF($V65="",AC64+8,AC$1) -> 30 | AD65: =IF($V65="",AD64+8,AD$1) -> 31 | AE65: =IF($V65="",AE64+8,AE$1) -> 32 | AH65: 30 | AI65: =$W65&X65 -> 3章4課25 | AJ65: =$W65&Y65 -> 3章4課26 | AK65: =$W65&Z65 -> 3章4課27 | AL65: =$W65&AA65 -> 3章4課28 | AM65: =$W65&AB65 -> 3章4課29 | AN65: =$W65&AC65 -> 3章4課30 | AO65: =$W65&AD65 -> 3章4課31 | AP65: =$W65&AE65 -> 3章4課32
A66: =IF($X66=1,$A65+1,$A65) -> 14 | B66: =IF(V66="",$B65,$V66) -> 3章5課 | C66: =IFERROR(VLOOKUP($B66&"_"&X66,Raw_data_N2_Kanji[[Receipe no]:[Receipe]],4,0),"") | D66: =IFERROR(VLOOKUP($B66&"_"&Y66,Raw_data_N2_Kanji[[Receipe no]:[Receipe]],4,0),"") | E66: =IFERROR(VLOOKUP($B66&"_"&Z66,Raw_data_N2_Kanji[[Receipe no]:[Receipe]],4,0),"") | F66: =IFERROR(VLOOKUP($B66&"_"&AA66,Raw_data_N2_Kanji[[Receipe no]:[Receipe]],4,0),"") | G66: =IFERROR(VLOOKUP($B66&"_"&AB66,Raw_data_N2_Kanji[[Receipe no]:[Receipe]],4,0),"") | H66: =IFERROR(VLOOKUP($B66&"_"&AC66,Raw_data_N2_Kanji[[Receipe no]:[Receipe]],4,0),"") | I66: =IFERROR(VLOOKUP($B66&"_"&AD66,Raw_data_N2_Kanji[[Receipe no]:[Receipe]],4,0),"") | J66: =IFERROR(VLOOKUP($B66&"_"&AE66,Raw_data_N2_Kanji[[Receipe no]:[Receipe]],4,0),"") | L66: =$W66 -> 3章5課 | M66: =IFERROR(VLOOKUP($L66&"_"&X66,Final_manabou_kanji[],6,0),"") | N66: =IFERROR(VLOOKUP($L66&"_"&Y66,Final_manabou_kanji[],6,0),"") | O66: =IFERROR(VLOOKUP($L66&"_"&Z66,Final_manabou_kanji[],6,0),"") | P66: =IFERROR(VLOOKUP($L66&"_"&AA66,Final_manabou_kanji[],6,0),"") | Q66: =IFERROR(VLOOKUP($L66&"_"&AB66,Final_manabou_kanji[],6,0),"") | R66: =IFERROR(VLOOKUP($L66&"_"&AC66,Final_manabou_kanji[],6,0),"") | S66: =IFERROR(VLOOKUP($L66&"_"&AD66,Final_manabou_kanji[],6,0),"") | T66: =IFERROR(VLOOKUP($L66&"_"&AE66,Final_manabou_kanji[],6,0),"") | V66: 3章5課 | W66: =IF(V66="",$W65,$V66) -> 3章5課 | X66: =IF($V66="",X65+8,X$1) -> 1 | Y66: =IF($V66="",Y65+8,Y$1) -> 2 | Z66: =IF($V66="",Z65+8,Z$1) -> 3 | AA66: =IF($V66="",AA65+8,AA$1) -> 4 | AB66: =IF($V66="",AB65+8,AB$1) -> 5 | AC66: =IF($V66="",AC65+8,AC$1) -> 6 | AD66: =IF($V66="",AD65+8,AD$1) -> 7 | AE66: =IF($V66="",AE65+8,AE$1) -> 8 | AH66: 30 | AI66: =$W66&X66 -> 3章5課1 | AJ66: =$W66&Y66 -> 3章5課2 | AK66: =$W66&Z66 -> 3章5課3 | AL66: =$W66&AA66 -> 3章5課4 | AM66: =$W66&AB66 -> 3章5課5 | AN66: =$W66&AC66 -> 3章5課6 | AO66: =$W66&AD66 -> 3章5課7 | AP66: =$W66&AE66 -> 3章5課8
A67: =IF($X67=1,$A66+1,$A66) -> 14 | B67: =IF(V67="",$B66,$V67) -> 3章5課 | C67: =IFERROR(VLOOKUP($B67&"_"&X67,Raw_data_N2_Kanji[[Receipe no]:[Receipe]],4,0),"") | D67: =IFERROR(VLOOKUP($B67&"_"&Y67,Raw_data_N2_Kanji[[Receipe no]:[Receipe]],4,0),"") | E67: =IFERROR(VLOOKUP($B67&"_"&Z67,Raw_data_N2_Kanji[[Receipe no]:[Receipe]],4,0),"") | F67: =IFERROR(VLOOKUP($B67&"_"&AA67,Raw_data_N2_Kanji[[Receipe no]:[Receipe]],4,0),"") | G67: =IFERROR(VLOOKUP($B67&"_"&AB67,Raw_data_N2_Kanji[[Receipe no]:[Receipe]],4,0),"") | H67: =IFERROR(VLOOKUP($B67&"_"&AC67,Raw_data_N2_Kanji[[Receipe no]:[Receipe]],4,0),"") | I67: =IFERROR(VLOOKUP($B67&"_"&AD67,Raw_data_N2_Kanji[[Receipe no]:[Receipe]],4,0),"") | J67: =IFERROR(VLOOKUP($B67&"_"&AE67,Raw_data_N2_Kanji[[Receipe no]:[Receipe]],4,0),"") | L67: =$W67 -> 3章5課 | M67: =IFERROR(VLOOKUP($L67&"_"&X67,Final_manabou_kanji[],6,0),"") | N67: =IFERROR(VLOOKUP($L67&"_"&Y67,Final_manabou_kanji[],6,0),"") | O67: =IFERROR(VLOOKUP($L67&"_"&Z67,Final_manabou_kanji[],6,0),"") | P67: =IFERROR(VLOOKUP($L67&"_"&AA67,Final_manabou_kanji[],6,0),"") | Q67: =IFERROR(VLOOKUP($L67&"_"&AB67,Final_manabou_kanji[],6,0),"") | R67: =IFERROR(VLOOKUP($L67&"_"&AC67,Final_manabou_kanji[],6,0),"") | S67: =IFERROR(VLOOKUP($L67&"_"&AD67,Final_manabou_kanji[],6,0),"") | T67: =IFERROR(VLOOKUP($L67&"_"&AE67,Final_manabou_kanji[],6,0),"") | W67: =IF(V67="",$W66,$V67) -> 3章5課 | X67: =IF($V67="",X66+8,X$1) -> 9 | Y67: =IF($V67="",Y66+8,Y$1) -> 10 | Z67: =IF($V67="",Z66+8,Z$1) -> 11 | AA67: =IF($V67="",AA66+8,AA$1) -> 12 | AB67: =IF($V67="",AB66+8,AB$1) -> 13 | AC67: =IF($V67="",AC66+8,AC$1) -> 14 | AD67: =IF($V67="",AD66+8,AD$1) -> 15 | AE67: =IF($V67="",AE66+8,AE$1) -> 16 | AH67: 30 | AI67: =$W67&X67 -> 3章5課9 | AJ67: =$W67&Y67 -> 3章5課10 | AK67: =$W67&Z67 -> 3章5課11 | AL67: =$W67&AA67 -> 3章5課12 | AM67: =$W67&AB67 -> 3章5課13 | AN67: =$W67&AC67 -> 3章5課14 | AO67: =$W67&AD67 -> 3章5課15 | AP67: =$W67&AE67 -> 3章5課16
A68: =IF($X68=1,$A67+1,$A67) -> 14 | B68: =IF(V68="",$B67,$V68) -> 3章5課 | C68: =IFERROR(VLOOKUP($B68&"_"&X68,Raw_data_N2_Kanji[[Receipe no]:[Receipe]],4,0),"") | D68: =IFERROR(VLOOKUP($B68&"_"&Y68,Raw_data_N2_Kanji[[Receipe no]:[Receipe]],4,0),"") | E68: =IFERROR(VLOOKUP($B68&"_"&Z68,Raw_data_N2_Kanji[[Receipe no]:[Receipe]],4,0),"") | F68: =IFERROR(VLOOKUP($B68&"_"&AA68,Raw_data_N2_Kanji[[Receipe no]:[Receipe]],4,0),"") | G68: =IFERROR(VLOOKUP($B68&"_"&AB68,Raw_data_N2_Kanji[[Receipe no]:[Receipe]],4,0),"") | H68: =IFERROR(VLOOKUP($B68&"_"&AC68,Raw_data_N2_Kanji[[Receipe no]:[Receipe]],4,0),"") | I68: =IFERROR(VLOOKUP($B68&"_"&AD68,Raw_data_N2_Kanji[[Receipe no]:[Receipe]],4,0),"") | J68: =IFERROR(VLOOKUP($B68&"_"&AE68,Raw_data_N2_Kanji[[Receipe no]:[Receipe]],4,0),"") | L68: =$W68 -> 3章5課 | M68: =IFERROR(VLOOKUP($L68&"_"&X68,Final_manabou_kanji[],6,0),"") | N68: =IFERROR(VLOOKUP($L68&"_"&Y68,Final_manabou_kanji[],6,0),"") | O68: =IFERROR(VLOOKUP($L68&"_"&Z68,Final_manabou_kanji[],6,0),"") | P68: =IFERROR(VLOOKUP($L68&"_"&AA68,Final_manabou_kanji[],6,0),"") | Q68: =IFERROR(VLOOKUP($L68&"_"&AB68,Final_manabou_kanji[],6,0),"") | R68: =IFERROR(VLOOKUP($L68&"_"&AC68,Final_manabou_kanji[],6,0),"") | S68: =IFERROR(VLOOKUP($L68&"_"&AD68,Final_manabou_kanji[],6,0),"") | T68: =IFERROR(VLOOKUP($L68&"_"&AE68,Final_manabou_kanji[],6,0),"") | W68: =IF(V68="",$W67,$V68) -> 3章5課 | X68: =IF($V68="",X67+8,X$1) -> 17 | Y68: =IF($V68="",Y67+8,Y$1) -> 18 | Z68: =IF($V68="",Z67+8,Z$1) -> 19 | AA68: =IF($V68="",AA67+8,AA$1) -> 20 | AB68: =IF($V68="",AB67+8,AB$1) -> 21 | AC68: =IF($V68="",AC67+8,AC$1) -> 22 | AD68: =IF($V68="",AD67+8,AD$1) -> 23 | AE68: =IF($V68="",AE67+8,AE$1) -> 24 | AH68: 30 | AI68: =$W68&X68 -> 3章5課17 | AJ68: =$W68&Y68 -> 3章5課18 | AK68: =$W68&Z68 -> 3章5課19 | AL68: =$W68&AA68 -> 3章5課20 | AM68: =$W68&AB68 -> 3章5課21 | AN68: =$W68&AC68 -> 3章5課22 | AO68: =$W68&AD68 -> 3章5課23 | AP68: =$W68&AE68 -> 3章5課24
A69: =IF($X69=1,$A68+1,$A68) -> 14 | B69: =IF(V69="",$B68,$V69) -> 3章5課 | C69: =IFERROR(VLOOKUP($B69&"_"&X69,Raw_data_N2_Kanji[[Receipe no]:[Receipe]],4,0),"") | D69: =IFERROR(VLOOKUP($B69&"_"&Y69,Raw_data_N2_Kanji[[Receipe no]:[Receipe]],4,0),"") | E69: =IFERROR(VLOOKUP($B69&"_"&Z69,Raw_data_N2_Kanji[[Receipe no]:[Receipe]],4,0),"") | F69: =IFERROR(VLOOKUP($B69&"_"&AA69,Raw_data_N2_Kanji[[Receipe no]:[Receipe]],4,0),"") | G69: =IFERROR(VLOOKUP($B69&"_"&AB69,Raw_data_N2_Kanji[[Receipe no]:[Receipe]],4,0),"") | H69: =IFERROR(VLOOKUP($B69&"_"&AC69,Raw_data_N2_Kanji[[Receipe no]:[Receipe]],4,0),"") | I69: =IFERROR(VLOOKUP($B69&"_"&AD69,Raw_data_N2_Kanji[[Receipe no]:[Receipe]],4,0),"") | J69: =IFERROR(VLOOKUP($B69&"_"&AE69,Raw_data_N2_Kanji[[Receipe no]:[Receipe]],4,0),"") | L69: =$W69 -> 3章5課 | M69: =IFERROR(VLOOKUP($L69&"_"&X69,Final_manabou_kanji[],6,0),"") | N69: =IFERROR(VLOOKUP($L69&"_"&Y69,Final_manabou_kanji[],6,0),"") | O69: =IFERROR(VLOOKUP($L69&"_"&Z69,Final_manabou_kanji[],6,0),"") | P69: =IFERROR(VLOOKUP($L69&"_"&AA69,Final_manabou_kanji[],6,0),"") | Q69: =IFERROR(VLOOKUP($L69&"_"&AB69,Final_manabou_kanji[],6,0),"") | R69: =IFERROR(VLOOKUP($L69&"_"&AC69,Final_manabou_kanji[],6,0),"") | S69: =IFERROR(VLOOKUP($L69&"_"&AD69,Final_manabou_kanji[],6,0),"") | T69: =IFERROR(VLOOKUP($L69&"_"&AE69,Final_manabou_kanji[],6,0),"") | W69: =IF(V69="",$W68,$V69) -> 3章5課 | X69: =IF($V69="",X68+8,X$1) -> 25 | Y69: =IF($V69="",Y68+8,Y$1) -> 26 | Z69: =IF($V69="",Z68+8,Z$1) -> 27 | AA69: =IF($V69="",AA68+8,AA$1) -> 28 | AB69: =IF($V69="",AB68+8,AB$1) -> 29 | AC69: =IF($V69="",AC68+8,AC$1) -> 30 | AD69: =IF($V69="",AD68+8,AD$1) -> 31 | AE69: =IF($V69="",AE68+8,AE$1) -> 32 | AH69: 30 | AI69: =$W69&X69 -> 3章5課25 | AJ69: =$W69&Y69 -> 3章5課26 | AK69: =$W69&Z69 -> 3章5課27 | AL69: =$W69&AA69 -> 3章5課28 | AM69: =$W69&AB69 -> 3章5課29 | AN69: =$W69&AC69 -> 3章5課30 | AO69: =$W69&AD69 -> 3章5課31 | AP69: =$W69&AE69 -> 3章5課32
A70: =IF($X70=1,$A69+1,$A69) -> 14 | B70: =IF(V70="",$B69,$V70) -> 3章5課 | C70: =IFERROR(VLOOKUP($B70&"_"&X70,Raw_data_N2_Kanji[[Receipe no]:[Receipe]],4,0),"") | D70: =IFERROR(VLOOKUP($B70&"_"&Y70,Raw_data_N2_Kanji[[Receipe no]:[Receipe]],4,0),"") | E70: =IFERROR(VLOOKUP($B70&"_"&Z70,Raw_data_N2_Kanji[[Receipe no]:[Receipe]],4,0),"") | F70: =IFERROR(VLOOKUP($B70&"_"&AA70,Raw_data_N2_Kanji[[Receipe no]:[Receipe]],4,0),"") | G70: =IFERROR(VLOOKUP($B70&"_"&AB70,Raw_data_N2_Kanji[[Receipe no]:[Receipe]],4,0),"") | H70: =IFERROR(VLOOKUP($B70&"_"&AC70,Raw_data_N2_Kanji[[Receipe no]:[Receipe]],4,0),"") | I70: =IFERROR(VLOOKUP($B70&"_"&AD70,Raw_data_N2_Kanji[[Receipe no]:[Receipe]],4,0),"") | J70: =IFERROR(VLOOKUP($B70&"_"&AE70,Raw_data_N2_Kanji[[Receipe no]:[Receipe]],4,0),"") | L70: =$W70 -> 3章5課 | M70: =IFERROR(VLOOKUP($L70&"_"&X70,Final_manabou_kanji[],6,0),"") | N70: =IFERROR(VLOOKUP($L70&"_"&Y70,Final_manabou_kanji[],6,0),"") | O70: =IFERROR(VLOOKUP($L70&"_"&Z70,Final_manabou_kanji[],6,0),"") | P70: =IFERROR(VLOOKUP($L70&"_"&AA70,Final_manabou_kanji[],6,0),"") | Q70: =IFERROR(VLOOKUP($L70&"_"&AB70,Final_manabou_kanji[],6,0),"") | R70: =IFERROR(VLOOKUP($L70&"_"&AC70,Final_manabou_kanji[],6,0),"") | S70: =IFERROR(VLOOKUP($L70&"_"&AD70,Final_manabou_kanji[],6,0),"") | T70: =IFERROR(VLOOKUP($L70&"_"&AE70,Final_manabou_kanji[],6,0),"") | W70: =IF(V70="",$W69,$V70) -> 3章5課 | X70: =IF($V70="",X69+8,X$1) -> 33 | Y70: =IF($V70="",Y69+8,Y$1) -> 34 | Z70: =IF($V70="",Z69+8,Z$1) -> 35 | AA70: =IF($V70="",AA69+8,AA$1) -> 36 | AB70: =IF($V70="",AB69+8,AB$1) -> 37 | AC70: =IF($V70="",AC69+8,AC$1) -> 38 | AD70: =IF($V70="",AD69+8,AD$1) -> 39 | AE70: =IF($V70="",AE69+8,AE$1) -> 40 | AH70: 30 | AI70: =$W70&X70 -> 3章5課33 | AJ70: =$W70&Y70 -> 3章5課34 | AK70: =$W70&Z70 -> 3章5課35 | AL70: =$W70&AA70 -> 3章5課36 | AM70: =$W70&AB70 -> 3章5課37 | AN70: =$W70&AC70 -> 3章5課38 | AO70: =$W70&AD70 -> 3章5課39 | AP70: =$W70&AE70 -> 3章5課40
A71: =IF($X71=1,$A70+1,$A70) -> 15 | B71: =IF(V71="",$B70,$V71) -> 4章1課 | C71: =IFERROR(VLOOKUP($B71&"_"&X71,Raw_data_N2_Kanji[[Receipe no]:[Receipe]],4,0),"") | D71: =IFERROR(VLOOKUP($B71&"_"&Y71,Raw_data_N2_Kanji[[Receipe no]:[Receipe]],4,0),"") | E71: =IFERROR(VLOOKUP($B71&"_"&Z71,Raw_data_N2_Kanji[[Receipe no]:[Receipe]],4,0),"") | F71: =IFERROR(VLOOKUP($B71&"_"&AA71,Raw_data_N2_Kanji[[Receipe no]:[Receipe]],4,0),"") | G71: =IFERROR(VLOOKUP($B71&"_"&AB71,Raw_data_N2_Kanji[[Receipe no]:[Receipe]],4,0),"") | H71: =IFERROR(VLOOKUP($B71&"_"&AC71,Raw_data_N2_Kanji[[Receipe no]:[Receipe]],4,0),"") | I71: =IFERROR(VLOOKUP($B71&"_"&AD71,Raw_data_N2_Kanji[[Receipe no]:[Receipe]],4,0),"") | J71: =IFERROR(VLOOKUP($B71&"_"&AE71,Raw_data_N2_Kanji[[Receipe no]:[Receipe]],4,0),"") | L71: =$W71 -> 4章1課 | M71: =IFERROR(VLOOKUP($L71&"_"&X71,Final_manabou_kanji[],6,0),"") | N71: =IFERROR(VLOOKUP($L71&"_"&Y71,Final_manabou_kanji[],6,0),"") | O71: =IFERROR(VLOOKUP($L71&"_"&Z71,Final_manabou_kanji[],6,0),"") | P71: =IFERROR(VLOOKUP($L71&"_"&AA71,Final_manabou_kanji[],6,0),"") | Q71: =IFERROR(VLOOKUP($L71&"_"&AB71,Final_manabou_kanji[],6,0),"") | R71: =IFERROR(VLOOKUP($L71&"_"&AC71,Final_manabou_kanji[],6,0),"") | S71: =IFERROR(VLOOKUP($L71&"_"&AD71,Final_manabou_kanji[],6,0),"") | T71: =IFERROR(VLOOKUP($L71&"_"&AE71,Final_manabou_kanji[],6,0),"") | V71: 4章1課 | W71: =IF(V71="",$W70,$V71) -> 4章1課 | X71: =IF($V71="",X70+8,X$1) -> 1 | Y71: =IF($V71="",Y70+8,Y$1) -> 2 | Z71: =IF($V71="",Z70+8,Z$1) -> 3 | AA71: =IF($V71="",AA70+8,AA$1) -> 4 | AB71: =IF($V71="",AB70+8,AB$1) -> 5 | AC71: =IF($V71="",AC70+8,AC$1) -> 6 | AD71: =IF($V71="",AD70+8,AD$1) -> 7 | AE71: =IF($V71="",AE70+8,AE$1) -> 8 | AH71: 31 | AI71: =$W71&X71 -> 4章1課1 | AJ71: =$W71&Y71 -> 4章1課2 | AK71: =$W71&Z71 -> 4章1課3 | AL71: =$W71&AA71 -> 4章1課4 | AM71: =$W71&AB71 -> 4章1課5 | AN71: =$W71&AC71 -> 4章1課6 | AO71: =$W71&AD71 -> 4章1課7 | AP71: =$W71&AE71 -> 4章1課8
A72: =IF($X72=1,$A71+1,$A71) -> 15 | B72: =IF(V72="",$B71,$V72) -> 4章1課 | C72: =IFERROR(VLOOKUP($B72&"_"&X72,Raw_data_N2_Kanji[[Receipe no]:[Receipe]],4,0),"") | D72: =IFERROR(VLOOKUP($B72&"_"&Y72,Raw_data_N2_Kanji[[Receipe no]:[Receipe]],4,0),"") | E72: =IFERROR(VLOOKUP($B72&"_"&Z72,Raw_data_N2_Kanji[[Receipe no]:[Receipe]],4,0),"") | F72: =IFERROR(VLOOKUP($B72&"_"&AA72,Raw_data_N2_Kanji[[Receipe no]:[Receipe]],4,0),"") | G72: =IFERROR(VLOOKUP($B72&"_"&AB72,Raw_data_N2_Kanji[[Receipe no]:[Receipe]],4,0),"") | H72: =IFERROR(VLOOKUP($B72&"_"&AC72,Raw_data_N2_Kanji[[Receipe no]:[Receipe]],4,0),"") | I72: =IFERROR(VLOOKUP($B72&"_"&AD72,Raw_data_N2_Kanji[[Receipe no]:[Receipe]],4,0),"") | J72: =IFERROR(VLOOKUP($B72&"_"&AE72,Raw_data_N2_Kanji[[Receipe no]:[Receipe]],4,0),"") | L72: =$W72 -> 4章1課 | M72: =IFERROR(VLOOKUP($L72&"_"&X72,Final_manabou_kanji[],6,0),"") | N72: =IFERROR(VLOOKUP($L72&"_"&Y72,Final_manabou_kanji[],6,0),"") | O72: =IFERROR(VLOOKUP($L72&"_"&Z72,Final_manabou_kanji[],6,0),"") | P72: =IFERROR(VLOOKUP($L72&"_"&AA72,Final_manabou_kanji[],6,0),"") | Q72: =IFERROR(VLOOKUP($L72&"_"&AB72,Final_manabou_kanji[],6,0),"") | R72: =IFERROR(VLOOKUP($L72&"_"&AC72,Final_manabou_kanji[],6,0),"") | S72: =IFERROR(VLOOKUP($L72&"_"&AD72,Final_manabou_kanji[],6,0),"") | T72: =IFERROR(VLOOKUP($L72&"_"&AE72,Final_manabou_kanji[],6,0),"") | W72: =IF(V72="",$W71,$V72) -> 4章1課 | X72: =IF($V72="",X71+8,X$1) -> 9 | Y72: =IF($V72="",Y71+8,Y$1) -> 10 | Z72: =IF($V72="",Z71+8,Z$1) -> 11 | AA72: =IF($V72="",AA71+8,AA$1) -> 12 | AB72: =IF($V72="",AB71+8,AB$1) -> 13 | AC72: =IF($V72="",AC71+8,AC$1) -> 14 | AD72: =IF($V72="",AD71+8,AD$1) -> 15 | AE72: =IF($V72="",AE71+8,AE$1) -> 16 | AH72: 31 | AI72: =$W72&X72 -> 4章1課9 | AJ72: =$W72&Y72 -> 4章1課10 | AK72: =$W72&Z72 -> 4章1課11 | AL72: =$W72&AA72 -> 4章1課12 | AM72: =$W72&AB72 -> 4章1課13 | AN72: =$W72&AC72 -> 4章1課14 | AO72: =$W72&AD72 -> 4章1課15 | AP72: =$W72&AE72 -> 4章1課16
A73: =IF($X73=1,$A72+1,$A72) -> 15 | B73: =IF(V73="",$B72,$V73) -> 4章1課 | C73: =IFERROR(VLOOKUP($B73&"_"&X73,Raw_data_N2_Kanji[[Receipe no]:[Receipe]],4,0),"") | D73: =IFERROR(VLOOKUP($B73&"_"&Y73,Raw_data_N2_Kanji[[Receipe no]:[Receipe]],4,0),"") | E73: =IFERROR(VLOOKUP($B73&"_"&Z73,Raw_data_N2_Kanji[[Receipe no]:[Receipe]],4,0),"") | F73: =IFERROR(VLOOKUP($B73&"_"&AA73,Raw_data_N2_Kanji[[Receipe no]:[Receipe]],4,0),"") | G73: =IFERROR(VLOOKUP($B73&"_"&AB73,Raw_data_N2_Kanji[[Receipe no]:[Receipe]],4,0),"") | H73: =IFERROR(VLOOKUP($B73&"_"&AC73,Raw_data_N2_Kanji[[Receipe no]:[Receipe]],4,0),"") | I73: =IFERROR(VLOOKUP($B73&"_"&AD73,Raw_data_N2_Kanji[[Receipe no]:[Receipe]],4,0),"") | J73: =IFERROR(VLOOKUP($B73&"_"&AE73,Raw_data_N2_Kanji[[Receipe no]:[Receipe]],4,0),"") | L73: =$W73 -> 4章1課 | M73: =IFERROR(VLOOKUP($L73&"_"&X73,Final_manabou_kanji[],6,0),"") | N73: =IFERROR(VLOOKUP($L73&"_"&Y73,Final_manabou_kanji[],6,0),"") | O73: =IFERROR(VLOOKUP($L73&"_"&Z73,Final_manabou_kanji[],6,0),"") | P73: =IFERROR(VLOOKUP($L73&"_"&AA73,Final_manabou_kanji[],6,0),"") | Q73: =IFERROR(VLOOKUP($L73&"_"&AB73,Final_manabou_kanji[],6,0),"") | R73: =IFERROR(VLOOKUP($L73&"_"&AC73,Final_manabou_kanji[],6,0),"") | S73: =IFERROR(VLOOKUP($L73&"_"&AD73,Final_manabou_kanji[],6,0),"") | T73: =IFERROR(VLOOKUP($L73&"_"&AE73,Final_manabou_kanji[],6,0),"") | W73: =IF(V73="",$W72,$V73) -> 4章1課 | X73: =IF($V73="",X72+8,X$1) -> 17 | Y73: =IF($V73="",Y72+8,Y$1) -> 18 | Z73: =IF($V73="",Z72+8,Z$1) -> 19 | AA73: =IF($V73="",AA72+8,AA$1) -> 20 | AB73: =IF($V73="",AB72+8,AB$1) -> 21 | AC73: =IF($V73="",AC72+8,AC$1) -> 22 | AD73: =IF($V73="",AD72+8,AD$1) -> 23 | AE73: =IF($V73="",AE72+8,AE$1) -> 24 | AH73: 31 | AI73: =$W73&X73 -> 4章1課17 | AJ73: =$W73&Y73 -> 4章1課18 | AK73: =$W73&Z73 -> 4章1課19 | AL73: =$W73&AA73 -> 4章1課20 | AM73: =$W73&AB73 -> 4章1課21 | AN73: =$W73&AC73 -> 4章1課22 | AO73: =$W73&AD73 -> 4章1課23 | AP73: =$W73&AE73 -> 4章1課24
A74: =IF($X74=1,$A73+1,$A73) -> 15 | B74: =IF(V74="",$B73,$V74) -> 4章1課 | C74: =IFERROR(VLOOKUP($B74&"_"&X74,Raw_data_N2_Kanji[[Receipe no]:[Receipe]],4,0),"") | D74: =IFERROR(VLOOKUP($B74&"_"&Y74,Raw_data_N2_Kanji[[Receipe no]:[Receipe]],4,0),"") | E74: =IFERROR(VLOOKUP($B74&"_"&Z74,Raw_data_N2_Kanji[[Receipe no]:[Receipe]],4,0),"") | F74: =IFERROR(VLOOKUP($B74&"_"&AA74,Raw_data_N2_Kanji[[Receipe no]:[Receipe]],4,0),"") | G74: =IFERROR(VLOOKUP($B74&"_"&AB74,Raw_data_N2_Kanji[[Receipe no]:[Receipe]],4,0),"") | H74: =IFERROR(VLOOKUP($B74&"_"&AC74,Raw_data_N2_Kanji[[Receipe no]:[Receipe]],4,0),"") | I74: =IFERROR(VLOOKUP($B74&"_"&AD74,Raw_data_N2_Kanji[[Receipe no]:[Receipe]],4,0),"") | J74: =IFERROR(VLOOKUP($B74&"_"&AE74,Raw_data_N2_Kanji[[Receipe no]:[Receipe]],4,0),"") | L74: =$W74 -> 4章1課 | M74: =IFERROR(VLOOKUP($L74&"_"&X74,Final_manabou_kanji[],6,0),"") | N74: =IFERROR(VLOOKUP($L74&"_"&Y74,Final_manabou_kanji[],6,0),"") | O74: =IFERROR(VLOOKUP($L74&"_"&Z74,Final_manabou_kanji[],6,0),"") | P74: =IFERROR(VLOOKUP($L74&"_"&AA74,Final_manabou_kanji[],6,0),"") | Q74: =IFERROR(VLOOKUP($L74&"_"&AB74,Final_manabou_kanji[],6,0),"") | R74: =IFERROR(VLOOKUP($L74&"_"&AC74,Final_manabou_kanji[],6,0),"") | S74: =IFERROR(VLOOKUP($L74&"_"&AD74,Final_manabou_kanji[],6,0),"") | T74: =IFERROR(VLOOKUP($L74&"_"&AE74,Final_manabou_kanji[],6,0),"") | W74: =IF(V74="",$W73,$V74) -> 4章1課 | X74: =IF($V74="",X73+8,X$1) -> 25 | Y74: =IF($V74="",Y73+8,Y$1) -> 26 | Z74: =IF($V74="",Z73+8,Z$1) -> 27 | AA74: =IF($V74="",AA73+8,AA$1) -> 28 | AB74: =IF($V74="",AB73+8,AB$1) -> 29 | AC74: =IF($V74="",AC73+8,AC$1) -> 30 | AD74: =IF($V74="",AD73+8,AD$1) -> 31 | AE74: =IF($V74="",AE73+8,AE$1) -> 32 | AH74: 31 | AI74: =$W74&X74 -> 4章1課25 | AJ74: =$W74&Y74 -> 4章1課26 | AK74: =$W74&Z74 -> 4章1課27 | AL74: =$W74&AA74 -> 4章1課28 | AM74: =$W74&AB74 -> 4章1課29 | AN74: =$W74&AC74 -> 4章1課30 | AO74: =$W74&AD74 -> 4章1課31 | AP74: =$W74&AE74 -> 4章1課32
A75: =IF($X75=1,$A74+1,$A74) -> 16 | B75: =IF(V75="",$B74,$V75) -> 4章2課 | C75: =IFERROR(VLOOKUP($B75&"_"&X75,Raw_data_N2_Kanji[[Receipe no]:[Receipe]],4,0),"") | D75: =IFERROR(VLOOKUP($B75&"_"&Y75,Raw_data_N2_Kanji[[Receipe no]:[Receipe]],4,0),"") | E75: =IFERROR(VLOOKUP($B75&"_"&Z75,Raw_data_N2_Kanji[[Receipe no]:[Receipe]],4,0),"") | F75: =IFERROR(VLOOKUP($B75&"_"&AA75,Raw_data_N2_Kanji[[Receipe no]:[Receipe]],4,0),"") | G75: =IFERROR(VLOOKUP($B75&"_"&AB75,Raw_data_N2_Kanji[[Receipe no]:[Receipe]],4,0),"") | H75: =IFERROR(VLOOKUP($B75&"_"&AC75,Raw_data_N2_Kanji[[Receipe no]:[Receipe]],4,0),"") | I75: =IFERROR(VLOOKUP($B75&"_"&AD75,Raw_data_N2_Kanji[[Receipe no]:[Receipe]],4,0),"") | J75: =IFERROR(VLOOKUP($B75&"_"&AE75,Raw_data_N2_Kanji[[Receipe no]:[Receipe]],4,0),"") | L75: =$W75 -> 4章2課 | M75: =IFERROR(VLOOKUP($L75&"_"&X75,Final_manabou_kanji[],6,0),"") | N75: =IFERROR(VLOOKUP($L75&"_"&Y75,Final_manabou_kanji[],6,0),"") | O75: =IFERROR(VLOOKUP($L75&"_"&Z75,Final_manabou_kanji[],6,0),"") | P75: =IFERROR(VLOOKUP($L75&"_"&AA75,Final_manabou_kanji[],6,0),"") | Q75: =IFERROR(VLOOKUP($L75&"_"&AB75,Final_manabou_kanji[],6,0),"") | R75: =IFERROR(VLOOKUP($L75&"_"&AC75,Final_manabou_kanji[],6,0),"") | S75: =IFERROR(VLOOKUP($L75&"_"&AD75,Final_manabou_kanji[],6,0),"") | T75: =IFERROR(VLOOKUP($L75&"_"&AE75,Final_manabou_kanji[],6,0),"") | V75: 4章2課 | W75: =IF(V75="",$W74,$V75) -> 4章2課 | X75: =IF($V75="",X74+8,X$1) -> 1 | Y75: =IF($V75="",Y74+8,Y$1) -> 2 | Z75: =IF($V75="",Z74+8,Z$1) -> 3 | AA75: =IF($V75="",AA74+8,AA$1) -> 4 | AB75: =IF($V75="",AB74+8,AB$1) -> 5 | AC75: =IF($V75="",AC74+8,AC$1) -> 6 | AD75: =IF($V75="",AD74+8,AD$1) -> 7 | AE75: =IF($V75="",AE74+8,AE$1) -> 8 | AH75: 31 | AI75: =$W75&X75 -> 4章2課1 | AJ75: =$W75&Y75 -> 4章2課2 | AK75: =$W75&Z75 -> 4章2課3 | AL75: =$W75&AA75 -> 4章2課4 | AM75: =$W75&AB75 -> 4章2課5 | AN75: =$W75&AC75 -> 4章2課6 | AO75: =$W75&AD75 -> 4章2課7 | AP75: =$W75&AE75 -> 4章2課8
A76: =IF($X76=1,$A75+1,$A75) -> 16 | B76: =IF(V76="",$B75,$V76) -> 4章2課 | C76: =IFERROR(VLOOKUP($B76&"_"&X76,Raw_data_N2_Kanji[[Receipe no]:[Receipe]],4,0),"") | D76: =IFERROR(VLOOKUP($B76&"_"&Y76,Raw_data_N2_Kanji[[Receipe no]:[Receipe]],4,0),"") | E76: =IFERROR(VLOOKUP($B76&"_"&Z76,Raw_data_N2_Kanji[[Receipe no]:[Receipe]],4,0),"") | F76: =IFERROR(VLOOKUP($B76&"_"&AA76,Raw_data_N2_Kanji[[Receipe no]:[Receipe]],4,0),"") | G76: =IFERROR(VLOOKUP($B76&"_"&AB76,Raw_data_N2_Kanji[[Receipe no]:[Receipe]],4,0),"") | H76: =IFERROR(VLOOKUP($B76&"_"&AC76,Raw_data_N2_Kanji[[Receipe no]:[Receipe]],4,0),"") | I76: =IFERROR(VLOOKUP($B76&"_"&AD76,Raw_data_N2_Kanji[[Receipe no]:[Receipe]],4,0),"") | J76: =IFERROR(VLOOKUP($B76&"_"&AE76,Raw_data_N2_Kanji[[Receipe no]:[Receipe]],4,0),"") | L76: =$W76 -> 4章2課 | M76: =IFERROR(VLOOKUP($L76&"_"&X76,Final_manabou_kanji[],6,0),"") | N76: =IFERROR(VLOOKUP($L76&"_"&Y76,Final_manabou_kanji[],6,0),"") | O76: =IFERROR(VLOOKUP($L76&"_"&Z76,Final_manabou_kanji[],6,0),"") | P76: =IFERROR(VLOOKUP($L76&"_"&AA76,Final_manabou_kanji[],6,0),"") | Q76: =IFERROR(VLOOKUP($L76&"_"&AB76,Final_manabou_kanji[],6,0),"") | R76: =IFERROR(VLOOKUP($L76&"_"&AC76,Final_manabou_kanji[],6,0),"") | S76: =IFERROR(VLOOKUP($L76&"_"&AD76,Final_manabou_kanji[],6,0),"") | T76: =IFERROR(VLOOKUP($L76&"_"&AE76,Final_manabou_kanji[],6,0),"") | W76: =IF(V76="",$W75,$V76) -> 4章2課 | X76: =IF($V76="",X75+8,X$1) -> 9 | Y76: =IF($V76="",Y75+8,Y$1) -> 10 | Z76: =IF($V76="",Z75+8,Z$1) -> 11 | AA76: =IF($V76="",AA75+8,AA$1) -> 12 | AB76: =IF($V76="",AB75+8,AB$1) -> 13 | AC76: =IF($V76="",AC75+8,AC$1) -> 14 | AD76: =IF($V76="",AD75+8,AD$1) -> 15 | AE76: =IF($V76="",AE75+8,AE$1) -> 16 | AH76: 32 | AI76: =$W76&X76 -> 4章2課9 | AJ76: =$W76&Y76 -> 4章2課10 | AK76: =$W76&Z76 -> 4章2課11 | AL76: =$W76&AA76 -> 4章2課12 | AM76: =$W76&AB76 -> 4章2課13 | AN76: =$W76&AC76 -> 4章2課14 | AO76: =$W76&AD76 -> 4章2課15 | AP76: =$W76&AE76 -> 4章2課16
A77: =IF($X77=1,$A76+1,$A76) -> 16 | B77: =IF(V77="",$B76,$V77) -> 4章2課 | C77: =IFERROR(VLOOKUP($B77&"_"&X77,Raw_data_N2_Kanji[[Receipe no]:[Receipe]],4,0),"") | D77: =IFERROR(VLOOKUP($B77&"_"&Y77,Raw_data_N2_Kanji[[Receipe no]:[Receipe]],4,0),"") | E77: =IFERROR(VLOOKUP($B77&"_"&Z77,Raw_data_N2_Kanji[[Receipe no]:[Receipe]],4,0),"") | F77: =IFERROR(VLOOKUP($B77&"_"&AA77,Raw_data_N2_Kanji[[Receipe no]:[Receipe]],4,0),"") | G77: =IFERROR(VLOOKUP($B77&"_"&AB77,Raw_data_N2_Kanji[[Receipe no]:[Receipe]],4,0),"") | H77: =IFERROR(VLOOKUP($B77&"_"&AC77,Raw_data_N2_Kanji[[Receipe no]:[Receipe]],4,0),"") | I77: =IFERROR(VLOOKUP($B77&"_"&AD77,Raw_data_N2_Kanji[[Receipe no]:[Receipe]],4,0),"") | J77: =IFERROR(VLOOKUP($B77&"_"&AE77,Raw_data_N2_Kanji[[Receipe no]:[Receipe]],4,0),"") | L77: =$W77 -> 4章2課 | M77: =IFERROR(VLOOKUP($L77&"_"&X77,Final_manabou_kanji[],6,0),"") | N77: =IFERROR(VLOOKUP($L77&"_"&Y77,Final_manabou_kanji[],6,0),"") | O77: =IFERROR(VLOOKUP($L77&"_"&Z77,Final_manabou_kanji[],6,0),"") | P77: =IFERROR(VLOOKUP($L77&"_"&AA77,Final_manabou_kanji[],6,0),"") | Q77: =IFERROR(VLOOKUP($L77&"_"&AB77,Final_manabou_kanji[],6,0),"") | R77: =IFERROR(VLOOKUP($L77&"_"&AC77,Final_manabou_kanji[],6,0),"") | S77: =IFERROR(VLOOKUP($L77&"_"&AD77,Final_manabou_kanji[],6,0),"") | T77: =IFERROR(VLOOKUP($L77&"_"&AE77,Final_manabou_kanji[],6,0),"") | W77: =IF(V77="",$W76,$V77) -> 4章2課 | X77: =IF($V77="",X76+8,X$1) -> 17 | Y77: =IF($V77="",Y76+8,Y$1) -> 18 | Z77: =IF($V77="",Z76+8,Z$1) -> 19 | AA77: =IF($V77="",AA76+8,AA$1) -> 20 | AB77: =IF($V77="",AB76+8,AB$1) -> 21 | AC77: =IF($V77="",AC76+8,AC$1) -> 22 | AD77: =IF($V77="",AD76+8,AD$1) -> 23 | AE77: =IF($V77="",AE76+8,AE$1) -> 24 | AH77: 32 | AI77: =$W77&X77 -> 4章2課17 | AJ77: =$W77&Y77 -> 4章2課18 | AK77: =$W77&Z77 -> 4章2課19 | AL77: =$W77&AA77 -> 4章2課20 | AM77: =$W77&AB77 -> 4章2課21 | AN77: =$W77&AC77 -> 4章2課22 | AO77: =$W77&AD77 -> 4章2課23 | AP77: =$W77&AE77 -> 4章2課24
A78: =IF($X78=1,$A77+1,$A77) -> 17 | B78: =IF(V78="",$B77,$V78) -> 4章3課 | C78: =IFERROR(VLOOKUP($B78&"_"&X78,Raw_data_N2_Kanji[[Receipe no]:[Receipe]],4,0),"") | D78: =IFERROR(VLOOKUP($B78&"_"&Y78,Raw_data_N2_Kanji[[Receipe no]:[Receipe]],4,0),"") | E78: =IFERROR(VLOOKUP($B78&"_"&Z78,Raw_data_N2_Kanji[[Receipe no]:[Receipe]],4,0),"") | F78: =IFERROR(VLOOKUP($B78&"_"&AA78,Raw_data_N2_Kanji[[Receipe no]:[Receipe]],4,0),"") | G78: =IFERROR(VLOOKUP($B78&"_"&AB78,Raw_data_N2_Kanji[[Receipe no]:[Receipe]],4,0),"") | H78: =IFERROR(VLOOKUP($B78&"_"&AC78,Raw_data_N2_Kanji[[Receipe no]:[Receipe]],4,0),"") | I78: =IFERROR(VLOOKUP($B78&"_"&AD78,Raw_data_N2_Kanji[[Receipe no]:[Receipe]],4,0),"") | J78: =IFERROR(VLOOKUP($B78&"_"&AE78,Raw_data_N2_Kanji[[Receipe no]:[Receipe]],4,0),"") | L78: =$W78 -> 4章3課 | M78: =IFERROR(VLOOKUP($L78&"_"&X78,Final_manabou_kanji[],6,0),"") | N78: =IFERROR(VLOOKUP($L78&"_"&Y78,Final_manabou_kanji[],6,0),"") | O78: =IFERROR(VLOOKUP($L78&"_"&Z78,Final_manabou_kanji[],6,0),"") | P78: =IFERROR(VLOOKUP($L78&"_"&AA78,Final_manabou_kanji[],6,0),"") | Q78: =IFERROR(VLOOKUP($L78&"_"&AB78,Final_manabou_kanji[],6,0),"") | R78: =IFERROR(VLOOKUP($L78&"_"&AC78,Final_manabou_kanji[],6,0),"") | S78: =IFERROR(VLOOKUP($L78&"_"&AD78,Final_manabou_kanji[],6,0),"") | T78: =IFERROR(VLOOKUP($L78&"_"&AE78,Final_manabou_kanji[],6,0),"") | V78: 4章3課 | W78: =IF(V78="",$W77,$V78) -> 4章3課 | X78: =IF($V78="",X77+8,X$1) -> 1 | Y78: =IF($V78="",Y77+8,Y$1) -> 2 | Z78: =IF($V78="",Z77+8,Z$1) -> 3 | AA78: =IF($V78="",AA77+8,AA$1) -> 4 | AB78: =IF($V78="",AB77+8,AB$1) -> 5 | AC78: =IF($V78="",AC77+8,AC$1) -> 6 | AD78: =IF($V78="",AD77+8,AD$1) -> 7 | AE78: =IF($V78="",AE77+8,AE$1) -> 8 | AH78: 32 | AI78: =$W78&X78 -> 4章3課1 | AJ78: =$W78&Y78 -> 4章3課2 | AK78: =$W78&Z78 -> 4章3課3 | AL78: =$W78&AA78 -> 4章3課4 | AM78: =$W78&AB78 -> 4章3課5 | AN78: =$W78&AC78 -> 4章3課6 | AO78: =$W78&AD78 -> 4章3課7 | AP78: =$W78&AE78 -> 4章3課8
A79: =IF($X79=1,$A78+1,$A78) -> 17 | B79: =IF(V79="",$B78,$V79) -> 4章3課 | C79: =IFERROR(VLOOKUP($B79&"_"&X79,Raw_data_N2_Kanji[[Receipe no]:[Receipe]],4,0),"") | D79: =IFERROR(VLOOKUP($B79&"_"&Y79,Raw_data_N2_Kanji[[Receipe no]:[Receipe]],4,0),"") | E79: =IFERROR(VLOOKUP($B79&"_"&Z79,Raw_data_N2_Kanji[[Receipe no]:[Receipe]],4,0),"") | F79: =IFERROR(VLOOKUP($B79&"_"&AA79,Raw_data_N2_Kanji[[Receipe no]:[Receipe]],4,0),"") | G79: =IFERROR(VLOOKUP($B79&"_"&AB79,Raw_data_N2_Kanji[[Receipe no]:[Receipe]],4,0),"") | H79: =IFERROR(VLOOKUP($B79&"_"&AC79,Raw_data_N2_Kanji[[Receipe no]:[Receipe]],4,0),"") | I79: =IFERROR(VLOOKUP($B79&"_"&AD79,Raw_data_N2_Kanji[[Receipe no]:[Receipe]],4,0),"") | J79: =IFERROR(VLOOKUP($B79&"_"&AE79,Raw_data_N2_Kanji[[Receipe no]:[Receipe]],4,0),"") | L79: =$W79 -> 4章3課 | M79: =IFERROR(VLOOKUP($L79&"_"&X79,Final_manabou_kanji[],6,0),"") | N79: =IFERROR(VLOOKUP($L79&"_"&Y79,Final_manabou_kanji[],6,0),"") | O79: =IFERROR(VLOOKUP($L79&"_"&Z79,Final_manabou_kanji[],6,0),"") | P79: =IFERROR(VLOOKUP($L79&"_"&AA79,Final_manabou_kanji[],6,0),"") | Q79: =IFERROR(VLOOKUP($L79&"_"&AB79,Final_manabou_kanji[],6,0),"") | R79: =IFERROR(VLOOKUP($L79&"_"&AC79,Final_manabou_kanji[],6,0),"") | S79: =IFERROR(VLOOKUP($L79&"_"&AD79,Final_manabou_kanji[],6,0),"") | T79: =IFERROR(VLOOKUP($L79&"_"&AE79,Final_manabou_kanji[],6,0),"") | W79: =IF(V79="",$W78,$V79) -> 4章3課 | X79: =IF($V79="",X78+8,X$1) -> 9 | Y79: =IF($V79="",Y78+8,Y$1) -> 10 | Z79: =IF($V79="",Z78+8,Z$1) -> 11 | AA79: =IF($V79="",AA78+8,AA$1) -> 12 | AB79: =IF($V79="",AB78+8,AB$1) -> 13 | AC79: =IF($V79="",AC78+8,AC$1) -> 14 | AD79: =IF($V79="",AD78+8,AD$1) -> 15 | AE79: =IF($V79="",AE78+8,AE$1) -> 16 | AH79: 32 | AI79: =$W79&X79 -> 4章3課9 | AJ79: =$W79&Y79 -> 4章3課10 | AK79: =$W79&Z79 -> 4章3課11 | AL79: =$W79&AA79 -> 4章3課12 | AM79: =$W79&AB79 -> 4章3課13 | AN79: =$W79&AC79 -> 4章3課14 | AO79: =$W79&AD79 -> 4章3課15 | AP79: =$W79&AE79 -> 4章3課16
A80: =IF($X80=1,$A79+1,$A79) -> 17 | B80: =IF(V80="",$B79,$V80) -> 4章3課 | C80: =IFERROR(VLOOKUP($B80&"_"&X80,Raw_data_N2_Kanji[[Receipe no]:[Receipe]],4,0),"") | D80: =IFERROR(VLOOKUP($B80&"_"&Y80,Raw_data_N2_Kanji[[Receipe no]:[Receipe]],4,0),"") | E80: =IFERROR(VLOOKUP($B80&"_"&Z80,Raw_data_N2_Kanji[[Receipe no]:[Receipe]],4,0),"") | F80: =IFERROR(VLOOKUP($B80&"_"&AA80,Raw_data_N2_Kanji[[Receipe no]:[Receipe]],4,0),"") | G80: =IFERROR(VLOOKUP($B80&"_"&AB80,Raw_data_N2_Kanji[[Receipe no]:[Receipe]],4,0),"") | H80: =IFERROR(VLOOKUP($B80&"_"&AC80,Raw_data_N2_Kanji[[Receipe no]:[Receipe]],4,0),"") | I80: =IFERROR(VLOOKUP($B80&"_"&AD80,Raw_data_N2_Kanji[[Receipe no]:[Receipe]],4,0),"") | J80: =IFERROR(VLOOKUP($B80&"_"&AE80,Raw_data_N2_Kanji[[Receipe no]:[Receipe]],4,0),"") | L80: =$W80 -> 4章3課 | M80: =IFERROR(VLOOKUP($L80&"_"&X80,Final_manabou_kanji[],6,0),"") | N80: =IFERROR(VLOOKUP($L80&"_"&Y80,Final_manabou_kanji[],6,0),"") | O80: =IFERROR(VLOOKUP($L80&"_"&Z80,Final_manabou_kanji[],6,0),"") | P80: =IFERROR(VLOOKUP($L80&"_"&AA80,Final_manabou_kanji[],6,0),"") | Q80: =IFERROR(VLOOKUP($L80&"_"&AB80,Final_manabou_kanji[],6,0),"") | R80: =IFERROR(VLOOKUP($L80&"_"&AC80,Final_manabou_kanji[],6,0),"") | S80: =IFERROR(VLOOKUP($L80&"_"&AD80,Final_manabou_kanji[],6,0),"") | T80: =IFERROR(VLOOKUP($L80&"_"&AE80,Final_manabou_kanji[],6,0),"") | W80: =IF(V80="",$W79,$V80) -> 4章3課 | X80: =IF($V80="",X79+8,X$1) -> 17 | Y80: =IF($V80="",Y79+8,Y$1) -> 18 | Z80: =IF($V80="",Z79+8,Z$1) -> 19 | AA80: =IF($V80="",AA79+8,AA$1) -> 20 | AB80: =IF($V80="",AB79+8,AB$1) -> 21 | AC80: =IF($V80="",AC79+8,AC$1) -> 22 | AD80: =IF($V80="",AD79+8,AD$1) -> 23 | AE80: =IF($V80="",AE79+8,AE$1) -> 24 | AH80: 33 | AI80: =$W80&X80 -> 4章3課17 | AJ80: =$W80&Y80 -> 4章3課18 | AK80: =$W80&Z80 -> 4章3課19 | AL80: =$W80&AA80 -> 4章3課20 | AM80: =$W80&AB80 -> 4章3課21 | AN80: =$W80&AC80 -> 4章3課22 | AO80: =$W80&AD80 -> 4章3課23 | AP80: =$W80&AE80 -> 4章3課24
A81: =IF($X81=1,$A80+1,$A80) -> 17 | B81: =IF(V81="",$B80,$V81) -> 4章3課 | C81: =IFERROR(VLOOKUP($B81&"_"&X81,Raw_data_N2_Kanji[[Receipe no]:[Receipe]],4,0),"") | D81: =IFERROR(VLOOKUP($B81&"_"&Y81,Raw_data_N2_Kanji[[Receipe no]:[Receipe]],4,0),"") | E81: =IFERROR(VLOOKUP($B81&"_"&Z81,Raw_data_N2_Kanji[[Receipe no]:[Receipe]],4,0),"") | F81: =IFERROR(VLOOKUP($B81&"_"&AA81,Raw_data_N2_Kanji[[Receipe no]:[Receipe]],4,0),"") | G81: =IFERROR(VLOOKUP($B81&"_"&AB81,Raw_data_N2_Kanji[[Receipe no]:[Receipe]],4,0),"") | H81: =IFERROR(VLOOKUP($B81&"_"&AC81,Raw_data_N2_Kanji[[Receipe no]:[Receipe]],4,0),"") | I81: =IFERROR(VLOOKUP($B81&"_"&AD81,Raw_data_N2_Kanji[[Receipe no]:[Receipe]],4,0),"") | J81: =IFERROR(VLOOKUP($B81&"_"&AE81,Raw_data_N2_Kanji[[Receipe no]:[Receipe]],4,0),"") | L81: =$W81 -> 4章3課 | M81: =IFERROR(VLOOKUP($L81&"_"&X81,Final_manabou_kanji[],6,0),"") | N81: =IFERROR(VLOOKUP($L81&"_"&Y81,Final_manabou_kanji[],6,0),"") | O81: =IFERROR(VLOOKUP($L81&"_"&Z81,Final_manabou_kanji[],6,0),"") | P81: =IFERROR(VLOOKUP($L81&"_"&AA81,Final_manabou_kanji[],6,0),"") | Q81: =IFERROR(VLOOKUP($L81&"_"&AB81,Final_manabou_kanji[],6,0),"") | R81: =IFERROR(VLOOKUP($L81&"_"&AC81,Final_manabou_kanji[],6,0),"") | S81: =IFERROR(VLOOKUP($L81&"_"&AD81,Final_manabou_kanji[],6,0),"") | T81: =IFERROR(VLOOKUP($L81&"_"&AE81,Final_manabou_kanji[],6,0),"") | W81: =IF(V81="",$W80,$V81) -> 4章3課 | X81: =IF($V81="",X80+8,X$1) -> 25 | Y81: =IF($V81="",Y80+8,Y$1) -> 26 | Z81: =IF($V81="",Z80+8,Z$1) -> 27 | AA81: =IF($V81="",AA80+8,AA$1) -> 28 | AB81: =IF($V81="",AB80+8,AB$1) -> 29 | AC81: =IF($V81="",AC80+8,AC$1) -> 30 | AD81: =IF($V81="",AD80+8,AD$1) -> 31 | AE81: =IF($V81="",AE80+8,AE$1) -> 32 | AH81: 33 | AI81: =$W81&X81 -> 4章3課25 | AJ81: =$W81&Y81 -> 4章3課26 | AK81: =$W81&Z81 -> 4章3課27 | AL81: =$W81&AA81 -> 4章3課28 | AM81: =$W81&AB81 -> 4章3課29 | AN81: =$W81&AC81 -> 4章3課30 | AO81: =$W81&AD81 -> 4章3課31 | AP81: =$W81&AE81 -> 4章3課32
A82: =IF($X82=1,$A81+1,$A81) -> 18 | B82: =IF(V82="",$B81,$V82) -> 5章1課 | C82: =IFERROR(VLOOKUP($B82&"_"&X82,Raw_data_N2_Kanji[[Receipe no]:[Receipe]],4,0),"") | D82: =IFERROR(VLOOKUP($B82&"_"&Y82,Raw_data_N2_Kanji[[Receipe no]:[Receipe]],4,0),"") | E82: =IFERROR(VLOOKUP($B82&"_"&Z82,Raw_data_N2_Kanji[[Receipe no]:[Receipe]],4,0),"") | F82: =IFERROR(VLOOKUP($B82&"_"&AA82,Raw_data_N2_Kanji[[Receipe no]:[Receipe]],4,0),"") | G82: =IFERROR(VLOOKUP($B82&"_"&AB82,Raw_data_N2_Kanji[[Receipe no]:[Receipe]],4,0),"") | H82: =IFERROR(VLOOKUP($B82&"_"&AC82,Raw_data_N2_Kanji[[Receipe no]:[Receipe]],4,0),"") | I82: =IFERROR(VLOOKUP($B82&"_"&AD82,Raw_data_N2_Kanji[[Receipe no]:[Receipe]],4,0),"") | J82: =IFERROR(VLOOKUP($B82&"_"&AE82,Raw_data_N2_Kanji[[Receipe no]:[Receipe]],4,0),"") | L82: =$W82 -> 5章1課 | M82: =IFERROR(VLOOKUP($L82&"_"&X82,Final_manabou_kanji[],6,0),"") | N82: =IFERROR(VLOOKUP($L82&"_"&Y82,Final_manabou_kanji[],6,0),"") | O82: =IFERROR(VLOOKUP($L82&"_"&Z82,Final_manabou_kanji[],6,0),"") | P82: =IFERROR(VLOOKUP($L82&"_"&AA82,Final_manabou_kanji[],6,0),"") | Q82: =IFERROR(VLOOKUP($L82&"_"&AB82,Final_manabou_kanji[],6,0),"") | R82: =IFERROR(VLOOKUP($L82&"_"&AC82,Final_manabou_kanji[],6,0),"") | S82: =IFERROR(VLOOKUP($L82&"_"&AD82,Final_manabou_kanji[],6,0),"") | T82: =IFERROR(VLOOKUP($L82&"_"&AE82,Final_manabou_kanji[],6,0),"") | V82: 5章1課 | W82: =IF(V82="",$W81,$V82) -> 5章1課 | X82: =IF($V82="",X81+8,X$1) -> 1 | Y82: =IF($V82="",Y81+8,Y$1) -> 2 | Z82: =IF($V82="",Z81+8,Z$1) -> 3 | AA82: =IF($V82="",AA81+8,AA$1) -> 4 | AB82: =IF($V82="",AB81+8,AB$1) -> 5 | AC82: =IF($V82="",AC81+8,AC$1) -> 6 | AD82: =IF($V82="",AD81+8,AD$1) -> 7 | AE82: =IF($V82="",AE81+8,AE$1) -> 8 | AH82: 33 | AI82: =$W82&X82 -> 5章1課1 | AJ82: =$W82&Y82 -> 5章1課2 | AK82: =$W82&Z82 -> 5章1課3 | AL82: =$W82&AA82 -> 5章1課4 | AM82: =$W82&AB82 -> 5章1課5 | AN82: =$W82&AC82 -> 5章1課6 | AO82: =$W82&AD82 -> 5章1課7 | AP82: =$W82&AE82 -> 5章1課8
A83: =IF($X83=1,$A82+1,$A82) -> 18 | B83: =IF(V83="",$B82,$V83) -> 5章1課 | C83: =IFERROR(VLOOKUP($B83&"_"&X83,Raw_data_N2_Kanji[[Receipe no]:[Receipe]],4,0),"") | D83: =IFERROR(VLOOKUP($B83&"_"&Y83,Raw_data_N2_Kanji[[Receipe no]:[Receipe]],4,0),"") | E83: =IFERROR(VLOOKUP($B83&"_"&Z83,Raw_data_N2_Kanji[[Receipe no]:[Receipe]],4,0),"") | F83: =IFERROR(VLOOKUP($B83&"_"&AA83,Raw_data_N2_Kanji[[Receipe no]:[Receipe]],4,0),"") | G83: =IFERROR(VLOOKUP($B83&"_"&AB83,Raw_data_N2_Kanji[[Receipe no]:[Receipe]],4,0),"") | H83: =IFERROR(VLOOKUP($B83&"_"&AC83,Raw_data_N2_Kanji[[Receipe no]:[Receipe]],4,0),"") | I83: =IFERROR(VLOOKUP($B83&"_"&AD83,Raw_data_N2_Kanji[[Receipe no]:[Receipe]],4,0),"") | J83: =IFERROR(VLOOKUP($B83&"_"&AE83,Raw_data_N2_Kanji[[Receipe no]:[Receipe]],4,0),"") | L83: =$W83 -> 5章1課 | M83: =IFERROR(VLOOKUP($L83&"_"&X83,Final_manabou_kanji[],6,0),"") | N83: =IFERROR(VLOOKUP($L83&"_"&Y83,Final_manabou_kanji[],6,0),"") | O83: =IFERROR(VLOOKUP($L83&"_"&Z83,Final_manabou_kanji[],6,0),"") | P83: =IFERROR(VLOOKUP($L83&"_"&AA83,Final_manabou_kanji[],6,0),"") | Q83: =IFERROR(VLOOKUP($L83&"_"&AB83,Final_manabou_kanji[],6,0),"") | R83: =IFERROR(VLOOKUP($L83&"_"&AC83,Final_manabou_kanji[],6,0),"") | S83: =IFERROR(VLOOKUP($L83&"_"&AD83,Final_manabou_kanji[],6,0),"") | T83: =IFERROR(VLOOKUP($L83&"_"&AE83,Final_manabou_kanji[],6,0),"") | W83: =IF(V83="",$W82,$V83) -> 5章1課 | X83: =IF($V83="",X82+8,X$1) -> 9 | Y83: =IF($V83="",Y82+8,Y$1) -> 10 | Z83: =IF($V83="",Z82+8,Z$1) -> 11 | AA83: =IF($V83="",AA82+8,AA$1) -> 12 | AB83: =IF($V83="",AB82+8,AB$1) -> 13 | AC83: =IF($V83="",AC82+8,AC$1) -> 14 | AD83: =IF($V83="",AD82+8,AD$1) -> 15 | AE83: =IF($V83="",AE82+8,AE$1) -> 16 | AH83: 33 | AI83: =$W83&X83 -> 5章1課9 | AJ83: =$W83&Y83 -> 5章1課10 | AK83: =$W83&Z83 -> 5章1課11 | AL83: =$W83&AA83 -> 5章1課12 | AM83: =$W83&AB83 -> 5章1課13 | AN83: =$W83&AC83 -> 5章1課14 | AO83: =$W83&AD83 -> 5章1課15 | AP83: =$W83&AE83 -> 5章1課16
A84: =IF($X84=1,$A83+1,$A83) -> 18 | B84: =IF(V84="",$B83,$V84) -> 5章1課 | C84: =IFERROR(VLOOKUP($B84&"_"&X84,Raw_data_N2_Kanji[[Receipe no]:[Receipe]],4,0),"") | D84: =IFERROR(VLOOKUP($B84&"_"&Y84,Raw_data_N2_Kanji[[Receipe no]:[Receipe]],4,0),"") | E84: =IFERROR(VLOOKUP($B84&"_"&Z84,Raw_data_N2_Kanji[[Receipe no]:[Receipe]],4,0),"") | F84: =IFERROR(VLOOKUP($B84&"_"&AA84,Raw_data_N2_Kanji[[Receipe no]:[Receipe]],4,0),"") | G84: =IFERROR(VLOOKUP($B84&"_"&AB84,Raw_data_N2_Kanji[[Receipe no]:[Receipe]],4,0),"") | H84: =IFERROR(VLOOKUP($B84&"_"&AC84,Raw_data_N2_Kanji[[Receipe no]:[Receipe]],4,0),"") | I84: =IFERROR(VLOOKUP($B84&"_"&AD84,Raw_data_N2_Kanji[[Receipe no]:[Receipe]],4,0),"") | J84: =IFERROR(VLOOKUP($B84&"_"&AE84,Raw_data_N2_Kanji[[Receipe no]:[Receipe]],4,0),"") | L84: =$W84 -> 5章1課 | M84: =IFERROR(VLOOKUP($L84&"_"&X84,Final_manabou_kanji[],6,0),"") | N84: =IFERROR(VLOOKUP($L84&"_"&Y84,Final_manabou_kanji[],6,0),"") | O84: =IFERROR(VLOOKUP($L84&"_"&Z84,Final_manabou_kanji[],6,0),"") | P84: =IFERROR(VLOOKUP($L84&"_"&AA84,Final_manabou_kanji[],6,0),"") | Q84: =IFERROR(VLOOKUP($L84&"_"&AB84,Final_manabou_kanji[],6,0),"") | R84: =IFERROR(VLOOKUP($L84&"_"&AC84,Final_manabou_kanji[],6,0),"") | S84: =IFERROR(VLOOKUP($L84&"_"&AD84,Final_manabou_kanji[],6,0),"") | T84: =IFERROR(VLOOKUP($L84&"_"&AE84,Final_manabou_kanji[],6,0),"") | W84: =IF(V84="",$W83,$V84) -> 5章1課 | X84: =IF($V84="",X83+8,X$1) -> 17 | Y84: =IF($V84="",Y83+8,Y$1) -> 18 | Z84: =IF($V84="",Z83+8,Z$1) -> 19 | AA84: =IF($V84="",AA83+8,AA$1) -> 20 | AB84: =IF($V84="",AB83+8,AB$1) -> 21 | AC84: =IF($V84="",AC83+8,AC$1) -> 22 | AD84: =IF($V84="",AD83+8,AD$1) -> 23 | AE84: =IF($V84="",AE83+8,AE$1) -> 24 | AH84: 33 | AI84: =$W84&X84 -> 5章1課17 | AJ84: =$W84&Y84 -> 5章1課18 | AK84: =$W84&Z84 -> 5章1課19 | AL84: =$W84&AA84 -> 5章1課20 | AM84: =$W84&AB84 -> 5章1課21 | AN84: =$W84&AC84 -> 5章1課22 | AO84: =$W84&AD84 -> 5章1課23 | AP84: =$W84&AE84 -> 5章1課24
A85: =IF($X85=1,$A84+1,$A84) -> 19 | B85: =IF(V85="",$B84,$V85) -> 5章2課 | C85: =IFERROR(VLOOKUP($B85&"_"&X85,Raw_data_N2_Kanji[[Receipe no]:[Receipe]],4,0),"") | D85: =IFERROR(VLOOKUP($B85&"_"&Y85,Raw_data_N2_Kanji[[Receipe no]:[Receipe]],4,0),"") | E85: =IFERROR(VLOOKUP($B85&"_"&Z85,Raw_data_N2_Kanji[[Receipe no]:[Receipe]],4,0),"") | F85: =IFERROR(VLOOKUP($B85&"_"&AA85,Raw_data_N2_Kanji[[Receipe no]:[Receipe]],4,0),"") | G85: =IFERROR(VLOOKUP($B85&"_"&AB85,Raw_data_N2_Kanji[[Receipe no]:[Receipe]],4,0),"") | H85: =IFERROR(VLOOKUP($B85&"_"&AC85,Raw_data_N2_Kanji[[Receipe no]:[Receipe]],4,0),"") | I85: =IFERROR(VLOOKUP($B85&"_"&AD85,Raw_data_N2_Kanji[[Receipe no]:[Receipe]],4,0),"") | J85: =IFERROR(VLOOKUP($B85&"_"&AE85,Raw_data_N2_Kanji[[Receipe no]:[Receipe]],4,0),"") | L85: =$W85 -> 5章2課 | M85: =IFERROR(VLOOKUP($L85&"_"&X85,Final_manabou_kanji[],6,0),"") | N85: =IFERROR(VLOOKUP($L85&"_"&Y85,Final_manabou_kanji[],6,0),"") | O85: =IFERROR(VLOOKUP($L85&"_"&Z85,Final_manabou_kanji[],6,0),"") | P85: =IFERROR(VLOOKUP($L85&"_"&AA85,Final_manabou_kanji[],6,0),"") | Q85: =IFERROR(VLOOKUP($L85&"_"&AB85,Final_manabou_kanji[],6,0),"") | R85: =IFERROR(VLOOKUP($L85&"_"&AC85,Final_manabou_kanji[],6,0),"") | S85: =IFERROR(VLOOKUP($L85&"_"&AD85,Final_manabou_kanji[],6,0),"") | T85: =IFERROR(VLOOKUP($L85&"_"&AE85,Final_manabou_kanji[],6,0),"") | V85: 5章2課 | W85: =IF(V85="",$W84,$V85) -> 5章2課 | X85: =IF($V85="",X84+8,X$1) -> 1 | Y85: =IF($V85="",Y84+8,Y$1) -> 2 | Z85: =IF($V85="",Z84+8,Z$1) -> 3 | AA85: =IF($V85="",AA84+8,AA$1) -> 4 | AB85: =IF($V85="",AB84+8,AB$1) -> 5 | AC85: =IF($V85="",AC84+8,AC$1) -> 6 | AD85: =IF($V85="",AD84+8,AD$1) -> 7 | AE85: =IF($V85="",AE84+8,AE$1) -> 8 | AH85: 34 | AI85: =$W85&X85 -> 5章2課1 | AJ85: =$W85&Y85 -> 5章2課2 | AK85: =$W85&Z85 -> 5章2課3 | AL85: =$W85&AA85 -> 5章2課4 | AM85: =$W85&AB85 -> 5章2課5 | AN85: =$W85&AC85 -> 5章2課6 | AO85: =$W85&AD85 -> 5章2課7 | AP85: =$W85&AE85 -> 5章2課8
A86: =IF($X86=1,$A85+1,$A85) -> 19 | B86: =IF(V86="",$B85,$V86) -> 5章2課 | C86: =IFERROR(VLOOKUP($B86&"_"&X86,Raw_data_N2_Kanji[[Receipe no]:[Receipe]],4,0),"") | D86: =IFERROR(VLOOKUP($B86&"_"&Y86,Raw_data_N2_Kanji[[Receipe no]:[Receipe]],4,0),"") | E86: =IFERROR(VLOOKUP($B86&"_"&Z86,Raw_data_N2_Kanji[[Receipe no]:[Receipe]],4,0),"") | F86: =IFERROR(VLOOKUP($B86&"_"&AA86,Raw_data_N2_Kanji[[Receipe no]:[Receipe]],4,0),"") | G86: =IFERROR(VLOOKUP($B86&"_"&AB86,Raw_data_N2_Kanji[[Receipe no]:[Receipe]],4,0),"") | H86: =IFERROR(VLOOKUP($B86&"_"&AC86,Raw_data_N2_Kanji[[Receipe no]:[Receipe]],4,0),"") | I86: =IFERROR(VLOOKUP($B86&"_"&AD86,Raw_data_N2_Kanji[[Receipe no]:[Receipe]],4,0),"") | J86: =IFERROR(VLOOKUP($B86&"_"&AE86,Raw_data_N2_Kanji[[Receipe no]:[Receipe]],4,0),"") | L86: =$W86 -> 5章2課 | M86: =IFERROR(VLOOKUP($L86&"_"&X86,Final_manabou_kanji[],6,0),"") | N86: =IFERROR(VLOOKUP($L86&"_"&Y86,Final_manabou_kanji[],6,0),"") | O86: =IFERROR(VLOOKUP($L86&"_"&Z86,Final_manabou_kanji[],6,0),"") | P86: =IFERROR(VLOOKUP($L86&"_"&AA86,Final_manabou_kanji[],6,0),"") | Q86: =IFERROR(VLOOKUP($L86&"_"&AB86,Final_manabou_kanji[],6,0),"") | R86: =IFERROR(VLOOKUP($L86&"_"&AC86,Final_manabou_kanji[],6,0),"") | S86: =IFERROR(VLOOKUP($L86&"_"&AD86,Final_manabou_kanji[],6,0),"") | T86: =IFERROR(VLOOKUP($L86&"_"&AE86,Final_manabou_kanji[],6,0),"") | W86: =IF(V86="",$W85,$V86) -> 5章2課 | X86: =IF($V86="",X85+8,X$1) -> 9 | Y86: =IF($V86="",Y85+8,Y$1) -> 10 | Z86: =IF($V86="",Z85+8,Z$1) -> 11 | AA86: =IF($V86="",AA85+8,AA$1) -> 12 | AB86: =IF($V86="",AB85+8,AB$1) -> 13 | AC86: =IF($V86="",AC85+8,AC$1) -> 14 | AD86: =IF($V86="",AD85+8,AD$1) -> 15 | AE86: =IF($V86="",AE85+8,AE$1) -> 16 | AH86: 34 | AI86: =$W86&X86 -> 5章2課9 | AJ86: =$W86&Y86 -> 5章2課10 | AK86: =$W86&Z86 -> 5章2課11 | AL86: =$W86&AA86 -> 5章2課12 | AM86: =$W86&AB86 -> 5章2課13 | AN86: =$W86&AC86 -> 5章2課14 | AO86: =$W86&AD86 -> 5章2課15 | AP86: =$W86&AE86 -> 5章2課16
A87: =IF($X87=1,$A86+1,$A86) -> 19 | B87: =IF(V87="",$B86,$V87) -> 5章2課 | C87: =IFERROR(VLOOKUP($B87&"_"&X87,Raw_data_N2_Kanji[[Receipe no]:[Receipe]],4,0),"") | D87: =IFERROR(VLOOKUP($B87&"_"&Y87,Raw_data_N2_Kanji[[Receipe no]:[Receipe]],4,0),"") | E87: =IFERROR(VLOOKUP($B87&"_"&Z87,Raw_data_N2_Kanji[[Receipe no]:[Receipe]],4,0),"") | F87: =IFERROR(VLOOKUP($B87&"_"&AA87,Raw_data_N2_Kanji[[Receipe no]:[Receipe]],4,0),"") | G87: =IFERROR(VLOOKUP($B87&"_"&AB87,Raw_data_N2_Kanji[[Receipe no]:[Receipe]],4,0),"") | H87: =IFERROR(VLOOKUP($B87&"_"&AC87,Raw_data_N2_Kanji[[Receipe no]:[Receipe]],4,0),"") | I87: =IFERROR(VLOOKUP($B87&"_"&AD87,Raw_data_N2_Kanji[[Receipe no]:[Receipe]],4,0),"") | J87: =IFERROR(VLOOKUP($B87&"_"&AE87,Raw_data_N2_Kanji[[Receipe no]:[Receipe]],4,0),"") | L87: =$W87 -> 5章2課 | M87: =IFERROR(VLOOKUP($L87&"_"&X87,Final_manabou_kanji[],6,0),"") | N87: =IFERROR(VLOOKUP($L87&"_"&Y87,Final_manabou_kanji[],6,0),"") | O87: =IFERROR(VLOOKUP($L87&"_"&Z87,Final_manabou_kanji[],6,0),"") | P87: =IFERROR(VLOOKUP($L87&"_"&AA87,Final_manabou_kanji[],6,0),"") | Q87: =IFERROR(VLOOKUP($L87&"_"&AB87,Final_manabou_kanji[],6,0),"") | R87: =IFERROR(VLOOKUP($L87&"_"&AC87,Final_manabou_kanji[],6,0),"") | S87: =IFERROR(VLOOKUP($L87&"_"&AD87,Final_manabou_kanji[],6,0),"") | T87: =IFERROR(VLOOKUP($L87&"_"&AE87,Final_manabou_kanji[],6,0),"") | W87: =IF(V87="",$W86,$V87) -> 5章2課 | X87: =IF($V87="",X86+8,X$1) -> 17 | Y87: =IF($V87="",Y86+8,Y$1) -> 18 | Z87: =IF($V87="",Z86+8,Z$1) -> 19 | AA87: =IF($V87="",AA86+8,AA$1) -> 20 | AB87: =IF($V87="",AB86+8,AB$1) -> 21 | AC87: =IF($V87="",AC86+8,AC$1) -> 22 | AD87: =IF($V87="",AD86+8,AD$1) -> 23 | AE87: =IF($V87="",AE86+8,AE$1) -> 24 | AH87: 34 | AI87: =$W87&X87 -> 5章2課17 | AJ87: =$W87&Y87 -> 5章2課18 | AK87: =$W87&Z87 -> 5章2課19 | AL87: =$W87&AA87 -> 5章2課20 | AM87: =$W87&AB87 -> 5章2課21 | AN87: =$W87&AC87 -> 5章2課22 | AO87: =$W87&AD87 -> 5章2課23 | AP87: =$W87&AE87 -> 5章2課24
A88: =IF($X88=1,$A87+1,$A87) -> 19 | B88: =IF(V88="",$B87,$V88) -> 5章2課 | C88: =IFERROR(VLOOKUP($B88&"_"&X88,Raw_data_N2_Kanji[[Receipe no]:[Receipe]],4,0),"") | D88: =IFERROR(VLOOKUP($B88&"_"&Y88,Raw_data_N2_Kanji[[Receipe no]:[Receipe]],4,0),"") | E88: =IFERROR(VLOOKUP($B88&"_"&Z88,Raw_data_N2_Kanji[[Receipe no]:[Receipe]],4,0),"") | F88: =IFERROR(VLOOKUP($B88&"_"&AA88,Raw_data_N2_Kanji[[Receipe no]:[Receipe]],4,0),"") | G88: =IFERROR(VLOOKUP($B88&"_"&AB88,Raw_data_N2_Kanji[[Receipe no]:[Receipe]],4,0),"") | H88: =IFERROR(VLOOKUP($B88&"_"&AC88,Raw_data_N2_Kanji[[Receipe no]:[Receipe]],4,0),"") | I88: =IFERROR(VLOOKUP($B88&"_"&AD88,Raw_data_N2_Kanji[[Receipe no]:[Receipe]],4,0),"") | J88: =IFERROR(VLOOKUP($B88&"_"&AE88,Raw_data_N2_Kanji[[Receipe no]:[Receipe]],4,0),"") | L88: =$W88 -> 5章2課 | M88: =IFERROR(VLOOKUP($L88&"_"&X88,Final_manabou_kanji[],6,0),"") | N88: =IFERROR(VLOOKUP($L88&"_"&Y88,Final_manabou_kanji[],6,0),"") | O88: =IFERROR(VLOOKUP($L88&"_"&Z88,Final_manabou_kanji[],6,0),"") | P88: =IFERROR(VLOOKUP($L88&"_"&AA88,Final_manabou_kanji[],6,0),"") | Q88: =IFERROR(VLOOKUP($L88&"_"&AB88,Final_manabou_kanji[],6,0),"") | R88: =IFERROR(VLOOKUP($L88&"_"&AC88,Final_manabou_kanji[],6,0),"") | S88: =IFERROR(VLOOKUP($L88&"_"&AD88,Final_manabou_kanji[],6,0),"") | T88: =IFERROR(VLOOKUP($L88&"_"&AE88,Final_manabou_kanji[],6,0),"") | W88: =IF(V88="",$W87,$V88) -> 5章2課 | X88: =IF($V88="",X87+8,X$1) -> 25 | Y88: =IF($V88="",Y87+8,Y$1) -> 26 | Z88: =IF($V88="",Z87+8,Z$1) -> 27 | AA88: =IF($V88="",AA87+8,AA$1) -> 28 | AB88: =IF($V88="",AB87+8,AB$1) -> 29 | AC88: =IF($V88="",AC87+8,AC$1) -> 30 | AD88: =IF($V88="",AD87+8,AD$1) -> 31 | AE88: =IF($V88="",AE87+8,AE$1) -> 32 | AH88: 34 | AI88: =$W88&X88 -> 5章2課25 | AJ88: =$W88&Y88 -> 5章2課26 | AK88: =$W88&Z88 -> 5章2課27 | AL88: =$W88&AA88 -> 5章2課28 | AM88: =$W88&AB88 -> 5章2課29 | AN88: =$W88&AC88 -> 5章2課30 | AO88: =$W88&AD88 -> 5章2課31 | AP88: =$W88&AE88 -> 5章2課32
A89: =IF($X89=1,$A88+1,$A88) -> 20 | B89: =IF(V89="",$B88,$V89) -> 5章3課 | C89: =IFERROR(VLOOKUP($B89&"_"&X89,Raw_data_N2_Kanji[[Receipe no]:[Receipe]],4,0),"") | D89: =IFERROR(VLOOKUP($B89&"_"&Y89,Raw_data_N2_Kanji[[Receipe no]:[Receipe]],4,0),"") | E89: =IFERROR(VLOOKUP($B89&"_"&Z89,Raw_data_N2_Kanji[[Receipe no]:[Receipe]],4,0),"") | F89: =IFERROR(VLOOKUP($B89&"_"&AA89,Raw_data_N2_Kanji[[Receipe no]:[Receipe]],4,0),"") | G89: =IFERROR(VLOOKUP($B89&"_"&AB89,Raw_data_N2_Kanji[[Receipe no]:[Receipe]],4,0),"") | H89: =IFERROR(VLOOKUP($B89&"_"&AC89,Raw_data_N2_Kanji[[Receipe no]:[Receipe]],4,0),"") | I89: =IFERROR(VLOOKUP($B89&"_"&AD89,Raw_data_N2_Kanji[[Receipe no]:[Receipe]],4,0),"") | J89: =IFERROR(VLOOKUP($B89&"_"&AE89,Raw_data_N2_Kanji[[Receipe no]:[Receipe]],4,0),"") | L89: =$W89 -> 5章3課 | M89: =IFERROR(VLOOKUP($L89&"_"&X89,Final_manabou_kanji[],6,0),"") | N89: =IFERROR(VLOOKUP($L89&"_"&Y89,Final_manabou_kanji[],6,0),"") | O89: =IFERROR(VLOOKUP($L89&"_"&Z89,Final_manabou_kanji[],6,0),"") | P89: =IFERROR(VLOOKUP($L89&"_"&AA89,Final_manabou_kanji[],6,0),"") | Q89: =IFERROR(VLOOKUP($L89&"_"&AB89,Final_manabou_kanji[],6,0),"") | R89: =IFERROR(VLOOKUP($L89&"_"&AC89,Final_manabou_kanji[],6,0),"") | S89: =IFERROR(VLOOKUP($L89&"_"&AD89,Final_manabou_kanji[],6,0),"") | T89: =IFERROR(VLOOKUP($L89&"_"&AE89,Final_manabou_kanji[],6,0),"") | V89: 5章3課 | W89: =IF(V89="",$W88,$V89) -> 5章3課 | X89: =IF($V89="",X88+8,X$1) -> 1 | Y89: =IF($V89="",Y88+8,Y$1) -> 2 | Z89: =IF($V89="",Z88+8,Z$1) -> 3 | AA89: =IF($V89="",AA88+8,AA$1) -> 4 | AB89: =IF($V89="",AB88+8,AB$1) -> 5 | AC89: =IF($V89="",AC88+8,AC$1) -> 6 | AD89: =IF($V89="",AD88+8,AD$1) -> 7 | AE89: =IF($V89="",AE88+8,AE$1) -> 8 | AH89: 34 | AI89: =$W89&X89 -> 5章3課1 | AJ89: =$W89&Y89 -> 5章3課2 | AK89: =$W89&Z89 -> 5章3課3 | AL89: =$W89&AA89 -> 5章3課4 | AM89: =$W89&AB89 -> 5章3課5 | AN89: =$W89&AC89 -> 5章3課6 | AO89: =$W89&AD89 -> 5章3課7 | AP89: =$W89&AE89 -> 5章3課8
A90: =IF($X90=1,$A89+1,$A89) -> 20 | B90: =IF(V90="",$B89,$V90) -> 5章3課 | C90: =IFERROR(VLOOKUP($B90&"_"&X90,Raw_data_N2_Kanji[[Receipe no]:[Receipe]],4,0),"") | D90: =IFERROR(VLOOKUP($B90&"_"&Y90,Raw_data_N2_Kanji[[Receipe no]:[Receipe]],4,0),"") | E90: =IFERROR(VLOOKUP($B90&"_"&Z90,Raw_data_N2_Kanji[[Receipe no]:[Receipe]],4,0),"") | F90: =IFERROR(VLOOKUP($B90&"_"&AA90,Raw_data_N2_Kanji[[Receipe no]:[Receipe]],4,0),"") | G90: =IFERROR(VLOOKUP($B90&"_"&AB90,Raw_data_N2_Kanji[[Receipe no]:[Receipe]],4,0),"") | H90: =IFERROR(VLOOKUP($B90&"_"&AC90,Raw_data_N2_Kanji[[Receipe no]:[Receipe]],4,0),"") | I90: =IFERROR(VLOOKUP($B90&"_"&AD90,Raw_data_N2_Kanji[[Receipe no]:[Receipe]],4,0),"") | J90: =IFERROR(VLOOKUP($B90&"_"&AE90,Raw_data_N2_Kanji[[Receipe no]:[Receipe]],4,0),"") | L90: =$W90 -> 5章3課 | M90: =IFERROR(VLOOKUP($L90&"_"&X90,Final_manabou_kanji[],6,0),"") | N90: =IFERROR(VLOOKUP($L90&"_"&Y90,Final_manabou_kanji[],6,0),"") | O90: =IFERROR(VLOOKUP($L90&"_"&Z90,Final_manabou_kanji[],6,0),"") | P90: =IFERROR(VLOOKUP($L90&"_"&AA90,Final_manabou_kanji[],6,0),"") | Q90: =IFERROR(VLOOKUP($L90&"_"&AB90,Final_manabou_kanji[],6,0),"") | R90: =IFERROR(VLOOKUP($L90&"_"&AC90,Final_manabou_kanji[],6,0),"") | S90: =IFERROR(VLOOKUP($L90&"_"&AD90,Final_manabou_kanji[],6,0),"") | T90: =IFERROR(VLOOKUP($L90&"_"&AE90,Final_manabou_kanji[],6,0),"") | W90: =IF(V90="",$W89,$V90) -> 5章3課 | X90: =IF($V90="",X89+8,X$1) -> 9 | Y90: =IF($V90="",Y89+8,Y$1) -> 10 | Z90: =IF($V90="",Z89+8,Z$1) -> 11 | AA90: =IF($V90="",AA89+8,AA$1) -> 12 | AB90: =IF($V90="",AB89+8,AB$1) -> 13 | AC90: =IF($V90="",AC89+8,AC$1) -> 14 | AD90: =IF($V90="",AD89+8,AD$1) -> 15 | AE90: =IF($V90="",AE89+8,AE$1) -> 16 | AH90: 34 | AI90: =$W90&X90 -> 5章3課9 | AJ90: =$W90&Y90 -> 5章3課10 | AK90: =$W90&Z90 -> 5章3課11 | AL90: =$W90&AA90 -> 5章3課12 | AM90: =$W90&AB90 -> 5章3課13 | AN90: =$W90&AC90 -> 5章3課14 | AO90: =$W90&AD90 -> 5章3課15 | AP90: =$W90&AE90 -> 5章3課16
A91: =IF($X91=1,$A90+1,$A90) -> 20 | B91: =IF(V91="",$B90,$V91) -> 5章3課 | C91: =IFERROR(VLOOKUP($B91&"_"&X91,Raw_data_N2_Kanji[[Receipe no]:[Receipe]],4,0),"") | D91: =IFERROR(VLOOKUP($B91&"_"&Y91,Raw_data_N2_Kanji[[Receipe no]:[Receipe]],4,0),"") | E91: =IFERROR(VLOOKUP($B91&"_"&Z91,Raw_data_N2_Kanji[[Receipe no]:[Receipe]],4,0),"") | F91: =IFERROR(VLOOKUP($B91&"_"&AA91,Raw_data_N2_Kanji[[Receipe no]:[Receipe]],4,0),"") | G91: =IFERROR(VLOOKUP($B91&"_"&AB91,Raw_data_N2_Kanji[[Receipe no]:[Receipe]],4,0),"") | H91: =IFERROR(VLOOKUP($B91&"_"&AC91,Raw_data_N2_Kanji[[Receipe no]:[Receipe]],4,0),"") | I91: =IFERROR(VLOOKUP($B91&"_"&AD91,Raw_data_N2_Kanji[[Receipe no]:[Receipe]],4,0),"") | J91: =IFERROR(VLOOKUP($B91&"_"&AE91,Raw_data_N2_Kanji[[Receipe no]:[Receipe]],4,0),"") | L91: =$W91 -> 5章3課 | M91: =IFERROR(VLOOKUP($L91&"_"&X91,Final_manabou_kanji[],6,0),"") | N91: =IFERROR(VLOOKUP($L91&"_"&Y91,Final_manabou_kanji[],6,0),"") | O91: =IFERROR(VLOOKUP($L91&"_"&Z91,Final_manabou_kanji[],6,0),"") | P91: =IFERROR(VLOOKUP($L91&"_"&AA91,Final_manabou_kanji[],6,0),"") | Q91: =IFERROR(VLOOKUP($L91&"_"&AB91,Final_manabou_kanji[],6,0),"") | R91: =IFERROR(VLOOKUP($L91&"_"&AC91,Final_manabou_kanji[],6,0),"") | S91: =IFERROR(VLOOKUP($L91&"_"&AD91,Final_manabou_kanji[],6,0),"") | T91: =IFERROR(VLOOKUP($L91&"_"&AE91,Final_manabou_kanji[],6,0),"") | W91: =IF(V91="",$W90,$V91) -> 5章3課 | X91: =IF($V91="",X90+8,X$1) -> 17 | Y91: =IF($V91="",Y90+8,Y$1) -> 18 | Z91: =IF($V91="",Z90+8,Z$1) -> 19 | AA91: =IF($V91="",AA90+8,AA$1) -> 20 | AB91: =IF($V91="",AB90+8,AB$1) -> 21 | AC91: =IF($V91="",AC90+8,AC$1) -> 22 | AD91: =IF($V91="",AD90+8,AD$1) -> 23 | AE91: =IF($V91="",AE90+8,AE$1) -> 24 | AH91: 35 | AI91: =$W91&X91 -> 5章3課17 | AJ91: =$W91&Y91 -> 5章3課18 | AK91: =$W91&Z91 -> 5章3課19 | AL91: =$W91&AA91 -> 5章3課20 | AM91: =$W91&AB91 -> 5章3課21 | AN91: =$W91&AC91 -> 5章3課22 | AO91: =$W91&AD91 -> 5章3課23 | AP91: =$W91&AE91 -> 5章3課24
A92: =IF($X92=1,$A91+1,$A91) -> 20 | B92: =IF(V92="",$B91,$V92) -> 5章3課 | C92: =IFERROR(VLOOKUP($B92&"_"&X92,Raw_data_N2_Kanji[[Receipe no]:[Receipe]],4,0),"") | D92: =IFERROR(VLOOKUP($B92&"_"&Y92,Raw_data_N2_Kanji[[Receipe no]:[Receipe]],4,0),"") | E92: =IFERROR(VLOOKUP($B92&"_"&Z92,Raw_data_N2_Kanji[[Receipe no]:[Receipe]],4,0),"") | F92: =IFERROR(VLOOKUP($B92&"_"&AA92,Raw_data_N2_Kanji[[Receipe no]:[Receipe]],4,0),"") | G92: =IFERROR(VLOOKUP($B92&"_"&AB92,Raw_data_N2_Kanji[[Receipe no]:[Receipe]],4,0),"") | H92: =IFERROR(VLOOKUP($B92&"_"&AC92,Raw_data_N2_Kanji[[Receipe no]:[Receipe]],4,0),"") | I92: =IFERROR(VLOOKUP($B92&"_"&AD92,Raw_data_N2_Kanji[[Receipe no]:[Receipe]],4,0),"") | J92: =IFERROR(VLOOKUP($B92&"_"&AE92,Raw_data_N2_Kanji[[Receipe no]:[Receipe]],4,0),"") | L92: =$W92 -> 5章3課 | M92: =IFERROR(VLOOKUP($L92&"_"&X92,Final_manabou_kanji[],6,0),"") | N92: =IFERROR(VLOOKUP($L92&"_"&Y92,Final_manabou_kanji[],6,0),"") | O92: =IFERROR(VLOOKUP($L92&"_"&Z92,Final_manabou_kanji[],6,0),"") | P92: =IFERROR(VLOOKUP($L92&"_"&AA92,Final_manabou_kanji[],6,0),"") | Q92: =IFERROR(VLOOKUP($L92&"_"&AB92,Final_manabou_kanji[],6,0),"") | R92: =IFERROR(VLOOKUP($L92&"_"&AC92,Final_manabou_kanji[],6,0),"") | S92: =IFERROR(VLOOKUP($L92&"_"&AD92,Final_manabou_kanji[],6,0),"") | T92: =IFERROR(VLOOKUP($L92&"_"&AE92,Final_manabou_kanji[],6,0),"") | W92: =IF(V92="",$W91,$V92) -> 5章3課 | X92: =IF($V92="",X91+8,X$1) -> 25 | Y92: =IF($V92="",Y91+8,Y$1) -> 26 | Z92: =IF($V92="",Z91+8,Z$1) -> 27 | AA92: =IF($V92="",AA91+8,AA$1) -> 28 | AB92: =IF($V92="",AB91+8,AB$1) -> 29 | AC92: =IF($V92="",AC91+8,AC$1) -> 30 | AD92: =IF($V92="",AD91+8,AD$1) -> 31 | AE92: =IF($V92="",AE91+8,AE$1) -> 32 | AH92: 35 | AI92: =$W92&X92 -> 5章3課25 | AJ92: =$W92&Y92 -> 5章3課26 | AK92: =$W92&Z92 -> 5章3課27 | AL92: =$W92&AA92 -> 5章3課28 | AM92: =$W92&AB92 -> 5章3課29 | AN92: =$W92&AC92 -> 5章3課30 | AO92: =$W92&AD92 -> 5章3課31 | AP92: =$W92&AE92 -> 5章3課32
A93: =IF($X93=1,$A92+1,$A92) -> 21 | B93: =IF(V93="",$B92,$V93) -> 5章4課 | C93: =IFERROR(VLOOKUP($B93&"_"&X93,Raw_data_N2_Kanji[[Receipe no]:[Receipe]],4,0),"") | D93: =IFERROR(VLOOKUP($B93&"_"&Y93,Raw_data_N2_Kanji[[Receipe no]:[Receipe]],4,0),"") | E93: =IFERROR(VLOOKUP($B93&"_"&Z93,Raw_data_N2_Kanji[[Receipe no]:[Receipe]],4,0),"") | F93: =IFERROR(VLOOKUP($B93&"_"&AA93,Raw_data_N2_Kanji[[Receipe no]:[Receipe]],4,0),"") | G93: =IFERROR(VLOOKUP($B93&"_"&AB93,Raw_data_N2_Kanji[[Receipe no]:[Receipe]],4,0),"") | H93: =IFERROR(VLOOKUP($B93&"_"&AC93,Raw_data_N2_Kanji[[Receipe no]:[Receipe]],4,0),"") | I93: =IFERROR(VLOOKUP($B93&"_"&AD93,Raw_data_N2_Kanji[[Receipe no]:[Receipe]],4,0),"") | J93: =IFERROR(VLOOKUP($B93&"_"&AE93,Raw_data_N2_Kanji[[Receipe no]:[Receipe]],4,0),"") | L93: =$W93 -> 5章4課 | M93: =IFERROR(VLOOKUP($L93&"_"&X93,Final_manabou_kanji[],6,0),"") | N93: =IFERROR(VLOOKUP($L93&"_"&Y93,Final_manabou_kanji[],6,0),"") | O93: =IFERROR(VLOOKUP($L93&"_"&Z93,Final_manabou_kanji[],6,0),"") | P93: =IFERROR(VLOOKUP($L93&"_"&AA93,Final_manabou_kanji[],6,0),"") | Q93: =IFERROR(VLOOKUP($L93&"_"&AB93,Final_manabou_kanji[],6,0),"") | R93: =IFERROR(VLOOKUP($L93&"_"&AC93,Final_manabou_kanji[],6,0),"") | S93: =IFERROR(VLOOKUP($L93&"_"&AD93,Final_manabou_kanji[],6,0),"") | T93: =IFERROR(VLOOKUP($L93&"_"&AE93,Final_manabou_kanji[],6,0),"") | V93: 5章4課 | W93: =IF(V93="",$W92,$V93) -> 5章4課 | X93: =IF($V93="",X92+8,X$1) -> 1 | Y93: =IF($V93="",Y92+8,Y$1) -> 2 | Z93: =IF($V93="",Z92+8,Z$1) -> 3 | AA93: =IF($V93="",AA92+8,AA$1) -> 4 | AB93: =IF($V93="",AB92+8,AB$1) -> 5 | AC93: =IF($V93="",AC92+8,AC$1) -> 6 | AD93: =IF($V93="",AD92+8,AD$1) -> 7 | AE93: =IF($V93="",AE92+8,AE$1) -> 8 | AH93: 35 | AI93: =$W93&X93 -> 5章4課1 | AJ93: =$W93&Y93 -> 5章4課2 | AK93: =$W93&Z93 -> 5章4課3 | AL93: =$W93&AA93 -> 5章4課4 | AM93: =$W93&AB93 -> 5章4課5 | AN93: =$W93&AC93 -> 5章4課6 | AO93: =$W93&AD93 -> 5章4課7 | AP93: =$W93&AE93 -> 5章4課8
A94: =IF($X94=1,$A93+1,$A93) -> 21 | B94: =IF(V94="",$B93,$V94) -> 5章4課 | C94: =IFERROR(VLOOKUP($B94&"_"&X94,Raw_data_N2_Kanji[[Receipe no]:[Receipe]],4,0),"") | D94: =IFERROR(VLOOKUP($B94&"_"&Y94,Raw_data_N2_Kanji[[Receipe no]:[Receipe]],4,0),"") | E94: =IFERROR(VLOOKUP($B94&"_"&Z94,Raw_data_N2_Kanji[[Receipe no]:[Receipe]],4,0),"") | F94: =IFERROR(VLOOKUP($B94&"_"&AA94,Raw_data_N2_Kanji[[Receipe no]:[Receipe]],4,0),"") | G94: =IFERROR(VLOOKUP($B94&"_"&AB94,Raw_data_N2_Kanji[[Receipe no]:[Receipe]],4,0),"") | H94: =IFERROR(VLOOKUP($B94&"_"&AC94,Raw_data_N2_Kanji[[Receipe no]:[Receipe]],4,0),"") | I94: =IFERROR(VLOOKUP($B94&"_"&AD94,Raw_data_N2_Kanji[[Receipe no]:[Receipe]],4,0),"") | J94: =IFERROR(VLOOKUP($B94&"_"&AE94,Raw_data_N2_Kanji[[Receipe no]:[Receipe]],4,0),"") | L94: =$W94 -> 5章4課 | M94: =IFERROR(VLOOKUP($L94&"_"&X94,Final_manabou_kanji[],6,0),"") | N94: =IFERROR(VLOOKUP($L94&"_"&Y94,Final_manabou_kanji[],6,0),"") | O94: =IFERROR(VLOOKUP($L94&"_"&Z94,Final_manabou_kanji[],6,0),"") | P94: =IFERROR(VLOOKUP($L94&"_"&AA94,Final_manabou_kanji[],6,0),"") | Q94: =IFERROR(VLOOKUP($L94&"_"&AB94,Final_manabou_kanji[],6,0),"") | R94: =IFERROR(VLOOKUP($L94&"_"&AC94,Final_manabou_kanji[],6,0),"") | S94: =IFERROR(VLOOKUP($L94&"_"&AD94,Final_manabou_kanji[],6,0),"") | T94: =IFERROR(VLOOKUP($L94&"_"&AE94,Final_manabou_kanji[],6,0),"") | W94: =IF(V94="",$W93,$V94) -> 5章4課 | X94: =IF($V94="",X93+8,X$1) -> 9 | Y94: =IF($V94="",Y93+8,Y$1) -> 10 | Z94: =IF($V94="",Z93+8,Z$1) -> 11 | AA94: =IF($V94="",AA93+8,AA$1) -> 12 | AB94: =IF($V94="",AB93+8,AB$1) -> 13 | AC94: =IF($V94="",AC93+8,AC$1) -> 14 | AD94: =IF($V94="",AD93+8,AD$1) -> 15 | AE94: =IF($V94="",AE93+8,AE$1) -> 16 | AH94: 35 | AI94: =$W94&X94 -> 5章4課9 | AJ94: =$W94&Y94 -> 5章4課10 | AK94: =$W94&Z94 -> 5章4課11 | AL94: =$W94&AA94 -> 5章4課12 | AM94: =$W94&AB94 -> 5章4課13 | AN94: =$W94&AC94 -> 5章4課14 | AO94: =$W94&AD94 -> 5章4課15 | AP94: =$W94&AE94 -> 5章4課16
A95: =IF($X95=1,$A94+1,$A94) -> 21 | B95: =IF(V95="",$B94,$V95) -> 5章4課 | C95: =IFERROR(VLOOKUP($B95&"_"&X95,Raw_data_N2_Kanji[[Receipe no]:[Receipe]],4,0),"") | D95: =IFERROR(VLOOKUP($B95&"_"&Y95,Raw_data_N2_Kanji[[Receipe no]:[Receipe]],4,0),"") | E95: =IFERROR(VLOOKUP($B95&"_"&Z95,Raw_data_N2_Kanji[[Receipe no]:[Receipe]],4,0),"") | F95: =IFERROR(VLOOKUP($B95&"_"&AA95,Raw_data_N2_Kanji[[Receipe no]:[Receipe]],4,0),"") | G95: =IFERROR(VLOOKUP($B95&"_"&AB95,Raw_data_N2_Kanji[[Receipe no]:[Receipe]],4,0),"") | H95: =IFERROR(VLOOKUP($B95&"_"&AC95,Raw_data_N2_Kanji[[Receipe no]:[Receipe]],4,0),"") | I95: =IFERROR(VLOOKUP($B95&"_"&AD95,Raw_data_N2_Kanji[[Receipe no]:[Receipe]],4,0),"") | J95: =IFERROR(VLOOKUP($B95&"_"&AE95,Raw_data_N2_Kanji[[Receipe no]:[Receipe]],4,0),"") | L95: =$W95 -> 5章4課 | M95: =IFERROR(VLOOKUP($L95&"_"&X95,Final_manabou_kanji[],6,0),"") | N95: =IFERROR(VLOOKUP($L95&"_"&Y95,Final_manabou_kanji[],6,0),"") | O95: =IFERROR(VLOOKUP($L95&"_"&Z95,Final_manabou_kanji[],6,0),"") | P95: =IFERROR(VLOOKUP($L95&"_"&AA95,Final_manabou_kanji[],6,0),"") | Q95: =IFERROR(VLOOKUP($L95&"_"&AB95,Final_manabou_kanji[],6,0),"") | R95: =IFERROR(VLOOKUP($L95&"_"&AC95,Final_manabou_kanji[],6,0),"") | S95: =IFERROR(VLOOKUP($L95&"_"&AD95,Final_manabou_kanji[],6,0),"") | T95: =IFERROR(VLOOKUP($L95&"_"&AE95,Final_manabou_kanji[],6,0),"") | W95: =IF(V95="",$W94,$V95) -> 5章4課 | X95: =IF($V95="",X94+8,X$1) -> 17 | Y95: =IF($V95="",Y94+8,Y$1) -> 18 | Z95: =IF($V95="",Z94+8,Z$1) -> 19 | AA95: =IF($V95="",AA94+8,AA$1) -> 20 | AB95: =IF($V95="",AB94+8,AB$1) -> 21 | AC95: =IF($V95="",AC94+8,AC$1) -> 22 | AD95: =IF($V95="",AD94+8,AD$1) -> 23 | AE95: =IF($V95="",AE94+8,AE$1) -> 24 | AH95: 35 | AI95: =$W95&X95 -> 5章4課17 | AJ95: =$W95&Y95 -> 5章4課18 | AK95: =$W95&Z95 -> 5章4課19 | AL95: =$W95&AA95 -> 5章4課20 | AM95: =$W95&AB95 -> 5章4課21 | AN95: =$W95&AC95 -> 5章4課22 | AO95: =$W95&AD95 -> 5章4課23 | AP95: =$W95&AE95 -> 5章4課24
A96: =IF($X96=1,$A95+1,$A95) -> 21 | B96: =IF(V96="",$B95,$V96) -> 5章4課 | C96: =IFERROR(VLOOKUP($B96&"_"&X96,Raw_data_N2_Kanji[[Receipe no]:[Receipe]],4,0),"") | D96: =IFERROR(VLOOKUP($B96&"_"&Y96,Raw_data_N2_Kanji[[Receipe no]:[Receipe]],4,0),"") | E96: =IFERROR(VLOOKUP($B96&"_"&Z96,Raw_data_N2_Kanji[[Receipe no]:[Receipe]],4,0),"") | F96: =IFERROR(VLOOKUP($B96&"_"&AA96,Raw_data_N2_Kanji[[Receipe no]:[Receipe]],4,0),"") | G96: =IFERROR(VLOOKUP($B96&"_"&AB96,Raw_data_N2_Kanji[[Receipe no]:[Receipe]],4,0),"") | H96: =IFERROR(VLOOKUP($B96&"_"&AC96,Raw_data_N2_Kanji[[Receipe no]:[Receipe]],4,0),"") | I96: =IFERROR(VLOOKUP($B96&"_"&AD96,Raw_data_N2_Kanji[[Receipe no]:[Receipe]],4,0),"") | J96: =IFERROR(VLOOKUP($B96&"_"&AE96,Raw_data_N2_Kanji[[Receipe no]:[Receipe]],4,0),"") | L96: =$W96 -> 5章4課 | M96: =IFERROR(VLOOKUP($L96&"_"&X96,Final_manabou_kanji[],6,0),"") | N96: =IFERROR(VLOOKUP($L96&"_"&Y96,Final_manabou_kanji[],6,0),"") | O96: =IFERROR(VLOOKUP($L96&"_"&Z96,Final_manabou_kanji[],6,0),"") | P96: =IFERROR(VLOOKUP($L96&"_"&AA96,Final_manabou_kanji[],6,0),"") | Q96: =IFERROR(VLOOKUP($L96&"_"&AB96,Final_manabou_kanji[],6,0),"") | R96: =IFERROR(VLOOKUP($L96&"_"&AC96,Final_manabou_kanji[],6,0),"") | S96: =IFERROR(VLOOKUP($L96&"_"&AD96,Final_manabou_kanji[],6,0),"") | T96: =IFERROR(VLOOKUP($L96&"_"&AE96,Final_manabou_kanji[],6,0),"") | W96: =IF(V96="",$W95,$V96) -> 5章4課 | X96: =IF($V96="",X95+8,X$1) -> 25 | Y96: =IF($V96="",Y95+8,Y$1) -> 26 | Z96: =IF($V96="",Z95+8,Z$1) -> 27 | AA96: =IF($V96="",AA95+8,AA$1) -> 28 | AB96: =IF($V96="",AB95+8,AB$1) -> 29 | AC96: =IF($V96="",AC95+8,AC$1) -> 30 | AD96: =IF($V96="",AD95+8,AD$1) -> 31 | AE96: =IF($V96="",AE95+8,AE$1) -> 32 | AH96: 36 | AI96: =$W96&X96 -> 5章4課25 | AJ96: =$W96&Y96 -> 5章4課26 | AK96: =$W96&Z96 -> 5章4課27 | AL96: =$W96&AA96 -> 5章4課28 | AM96: =$W96&AB96 -> 5章4課29 | AN96: =$W96&AC96 -> 5章4課30 | AO96: =$W96&AD96 -> 5章4課31 | AP96: =$W96&AE96 -> 5章4課32
A97: =IF($X97=1,$A96+1,$A96) -> 21 | B97: =IF(V97="",$B96,$V97) -> 5章4課 | C97: =IFERROR(VLOOKUP($B97&"_"&X97,Raw_data_N2_Kanji[[Receipe no]:[Receipe]],4,0),"") | D97: =IFERROR(VLOOKUP($B97&"_"&Y97,Raw_data_N2_Kanji[[Receipe no]:[Receipe]],4,0),"") | E97: =IFERROR(VLOOKUP($B97&"_"&Z97,Raw_data_N2_Kanji[[Receipe no]:[Receipe]],4,0),"") | F97: =IFERROR(VLOOKUP($B97&"_"&AA97,Raw_data_N2_Kanji[[Receipe no]:[Receipe]],4,0),"") | G97: =IFERROR(VLOOKUP($B97&"_"&AB97,Raw_data_N2_Kanji[[Receipe no]:[Receipe]],4,0),"") | H97: =IFERROR(VLOOKUP($B97&"_"&AC97,Raw_data_N2_Kanji[[Receipe no]:[Receipe]],4,0),"") | I97: =IFERROR(VLOOKUP($B97&"_"&AD97,Raw_data_N2_Kanji[[Receipe no]:[Receipe]],4,0),"") | J97: =IFERROR(VLOOKUP($B97&"_"&AE97,Raw_data_N2_Kanji[[Receipe no]:[Receipe]],4,0),"") | L97: =$W97 -> 5章4課 | M97: =IFERROR(VLOOKUP($L97&"_"&X97,Final_manabou_kanji[],6,0),"") | N97: =IFERROR(VLOOKUP($L97&"_"&Y97,Final_manabou_kanji[],6,0),"") | O97: =IFERROR(VLOOKUP($L97&"_"&Z97,Final_manabou_kanji[],6,0),"") | P97: =IFERROR(VLOOKUP($L97&"_"&AA97,Final_manabou_kanji[],6,0),"") | Q97: =IFERROR(VLOOKUP($L97&"_"&AB97,Final_manabou_kanji[],6,0),"") | R97: =IFERROR(VLOOKUP($L97&"_"&AC97,Final_manabou_kanji[],6,0),"") | S97: =IFERROR(VLOOKUP($L97&"_"&AD97,Final_manabou_kanji[],6,0),"") | T97: =IFERROR(VLOOKUP($L97&"_"&AE97,Final_manabou_kanji[],6,0),"") | W97: =IF(V97="",$W96,$V97) -> 5章4課 | X97: =IF($V97="",X96+8,X$1) -> 33 | Y97: =IF($V97="",Y96+8,Y$1) -> 34 | Z97: =IF($V97="",Z96+8,Z$1) -> 35 | AA97: =IF($V97="",AA96+8,AA$1) -> 36 | AB97: =IF($V97="",AB96+8,AB$1) -> 37 | AC97: =IF($V97="",AC96+8,AC$1) -> 38 | AD97: =IF($V97="",AD96+8,AD$1) -> 39 | AE97: =IF($V97="",AE96+8,AE$1) -> 40 | AH97: 36 | AI97: =$W97&X97 -> 5章4課33 | AJ97: =$W97&Y97 -> 5章4課34 | AK97: =$W97&Z97 -> 5章4課35 | AL97: =$W97&AA97 -> 5章4課36 | AM97: =$W97&AB97 -> 5章4課37 | AN97: =$W97&AC97 -> 5章4課38 | AO97: =$W97&AD97 -> 5章4課39 | AP97: =$W97&AE97 -> 5章4課40
A98: =IF($X98=1,$A97+1,$A97) -> 22 | B98: =IF(V98="",$B97,$V98) -> 6章1課 | C98: =IFERROR(VLOOKUP($B98&"_"&X98,Raw_data_N2_Kanji[[Receipe no]:[Receipe]],4,0),"") | D98: =IFERROR(VLOOKUP($B98&"_"&Y98,Raw_data_N2_Kanji[[Receipe no]:[Receipe]],4,0),"") | E98: =IFERROR(VLOOKUP($B98&"_"&Z98,Raw_data_N2_Kanji[[Receipe no]:[Receipe]],4,0),"") | F98: =IFERROR(VLOOKUP($B98&"_"&AA98,Raw_data_N2_Kanji[[Receipe no]:[Receipe]],4,0),"") | G98: =IFERROR(VLOOKUP($B98&"_"&AB98,Raw_data_N2_Kanji[[Receipe no]:[Receipe]],4,0),"") | H98: =IFERROR(VLOOKUP($B98&"_"&AC98,Raw_data_N2_Kanji[[Receipe no]:[Receipe]],4,0),"") | I98: =IFERROR(VLOOKUP($B98&"_"&AD98,Raw_data_N2_Kanji[[Receipe no]:[Receipe]],4,0),"") | J98: =IFERROR(VLOOKUP($B98&"_"&AE98,Raw_data_N2_Kanji[[Receipe no]:[Receipe]],4,0),"") | L98: =$W98 -> 6章1課 | M98: =IFERROR(VLOOKUP($L98&"_"&X98,Final_manabou_kanji[],6,0),"") | N98: =IFERROR(VLOOKUP($L98&"_"&Y98,Final_manabou_kanji[],6,0),"") | O98: =IFERROR(VLOOKUP($L98&"_"&Z98,Final_manabou_kanji[],6,0),"") | P98: =IFERROR(VLOOKUP($L98&"_"&AA98,Final_manabou_kanji[],6,0),"") | Q98: =IFERROR(VLOOKUP($L98&"_"&AB98,Final_manabou_kanji[],6,0),"") | R98: =IFERROR(VLOOKUP($L98&"_"&AC98,Final_manabou_kanji[],6,0),"") | S98: =IFERROR(VLOOKUP($L98&"_"&AD98,Final_manabou_kanji[],6,0),"") | T98: =IFERROR(VLOOKUP($L98&"_"&AE98,Final_manabou_kanji[],6,0),"") | V98: 6章1課 | W98: =IF(V98="",$W97,$V98) -> 6章1課 | X98: =IF($V98="",X97+8,X$1) -> 1 | Y98: =IF($V98="",Y97+8,Y$1) -> 2 | Z98: =IF($V98="",Z97+8,Z$1) -> 3 | AA98: =IF($V98="",AA97+8,AA$1) -> 4 | AB98: =IF($V98="",AB97+8,AB$1) -> 5 | AC98: =IF($V98="",AC97+8,AC$1) -> 6 | AD98: =IF($V98="",AD97+8,AD$1) -> 7 | AE98: =IF($V98="",AE97+8,AE$1) -> 8 | AH98: 36 | AI98: =$W98&X98 -> 6章1課1 | AJ98: =$W98&Y98 -> 6章1課2 | AK98: =$W98&Z98 -> 6章1課3 | AL98: =$W98&AA98 -> 6章1課4 | AM98: =$W98&AB98 -> 6章1課5 | AN98: =$W98&AC98 -> 6章1課6 | AO98: =$W98&AD98 -> 6章1課7 | AP98: =$W98&AE98 -> 6章1課8
A99: =IF($X99=1,$A98+1,$A98) -> 22 | B99: =IF(V99="",$B98,$V99) -> 6章1課 | C99: =IFERROR(VLOOKUP($B99&"_"&X99,Raw_data_N2_Kanji[[Receipe no]:[Receipe]],4,0),"") | D99: =IFERROR(VLOOKUP($B99&"_"&Y99,Raw_data_N2_Kanji[[Receipe no]:[Receipe]],4,0),"") | E99: =IFERROR(VLOOKUP($B99&"_"&Z99,Raw_data_N2_Kanji[[Receipe no]:[Receipe]],4,0),"") | F99: =IFERROR(VLOOKUP($B99&"_"&AA99,Raw_data_N2_Kanji[[Receipe no]:[Receipe]],4,0),"") | G99: =IFERROR(VLOOKUP($B99&"_"&AB99,Raw_data_N2_Kanji[[Receipe no]:[Receipe]],4,0),"") | H99: =IFERROR(VLOOKUP($B99&"_"&AC99,Raw_data_N2_Kanji[[Receipe no]:[Receipe]],4,0),"") | I99: =IFERROR(VLOOKUP($B99&"_"&AD99,Raw_data_N2_Kanji[[Receipe no]:[Receipe]],4,0),"") | J99: =IFERROR(VLOOKUP($B99&"_"&AE99,Raw_data_N2_Kanji[[Receipe no]:[Receipe]],4,0),"") | L99: =$W99 -> 6章1課 | M99: =IFERROR(VLOOKUP($L99&"_"&X99,Final_manabou_kanji[],6,0),"") | N99: =IFERROR(VLOOKUP($L99&"_"&Y99,Final_manabou_kanji[],6,0),"") | O99: =IFERROR(VLOOKUP($L99&"_"&Z99,Final_manabou_kanji[],6,0),"") | P99: =IFERROR(VLOOKUP($L99&"_"&AA99,Final_manabou_kanji[],6,0),"") | Q99: =IFERROR(VLOOKUP($L99&"_"&AB99,Final_manabou_kanji[],6,0),"") | R99: =IFERROR(VLOOKUP($L99&"_"&AC99,Final_manabou_kanji[],6,0),"") | S99: =IFERROR(VLOOKUP($L99&"_"&AD99,Final_manabou_kanji[],6,0),"") | T99: =IFERROR(VLOOKUP($L99&"_"&AE99,Final_manabou_kanji[],6,0),"") | W99: =IF(V99="",$W98,$V99) -> 6章1課 | X99: =IF($V99="",X98+8,X$1) -> 9 | Y99: =IF($V99="",Y98+8,Y$1) -> 10 | Z99: =IF($V99="",Z98+8,Z$1) -> 11 | AA99: =IF($V99="",AA98+8,AA$1) -> 12 | AB99: =IF($V99="",AB98+8,AB$1) -> 13 | AC99: =IF($V99="",AC98+8,AC$1) -> 14 | AD99: =IF($V99="",AD98+8,AD$1) -> 15 | AE99: =IF($V99="",AE98+8,AE$1) -> 16 | AH99: 36 | AI99: =$W99&X99 -> 6章1課9 | AJ99: =$W99&Y99 -> 6章1課10 | AK99: =$W99&Z99 -> 6章1課11 | AL99: =$W99&AA99 -> 6章1課12 | AM99: =$W99&AB99 -> 6章1課13 | AN99: =$W99&AC99 -> 6章1課14 | AO99: =$W99&AD99 -> 6章1課15 | AP99: =$W99&AE99 -> 6章1課16
A100: =IF($X100=1,$A99+1,$A99) -> 22 | B100: =IF(V100="",$B99,$V100) -> 6章1課 | C100: =IFERROR(VLOOKUP($B100&"_"&X100,Raw_data_N2_Kanji[[Receipe no]:[Receipe]],4,0),"") | D100: =IFERROR(VLOOKUP($B100&"_"&Y100,Raw_data_N2_Kanji[[Receipe no]:[Receipe]],4,0),"") | E100: =IFERROR(VLOOKUP($B100&"_"&Z100,Raw_data_N2_Kanji[[Receipe no]:[Receipe]],4,0),"") | F100: =IFERROR(VLOOKUP($B100&"_"&AA100,Raw_data_N2_Kanji[[Receipe no]:[Receipe]],4,0),"") | G100: =IFERROR(VLOOKUP($B100&"_"&AB100,Raw_data_N2_Kanji[[Receipe no]:[Receipe]],4,0),"") | H100: =IFERROR(VLOOKUP($B100&"_"&AC100,Raw_data_N2_Kanji[[Receipe no]:[Receipe]],4,0),"") | I100: =IFERROR(VLOOKUP($B100&"_"&AD100,Raw_data_N2_Kanji[[Receipe no]:[Receipe]],4,0),"") | J100: =IFERROR(VLOOKUP($B100&"_"&AE100,Raw_data_N2_Kanji[[Receipe no]:[Receipe]],4,0),"") | L100: =$W100 -> 6章1課 | M100: =IFERROR(VLOOKUP($L100&"_"&X100,Final_manabou_kanji[],6,0),"") | N100: =IFERROR(VLOOKUP($L100&"_"&Y100,Final_manabou_kanji[],6,0),"") | O100: =IFERROR(VLOOKUP($L100&"_"&Z100,Final_manabou_kanji[],6,0),"") | P100: =IFERROR(VLOOKUP($L100&"_"&AA100,Final_manabou_kanji[],6,0),"") | Q100: =IFERROR(VLOOKUP($L100&"_"&AB100,Final_manabou_kanji[],6,0),"") | R100: =IFERROR(VLOOKUP($L100&"_"&AC100,Final_manabou_kanji[],6,0),"") | S100: =IFERROR(VLOOKUP($L100&"_"&AD100,Final_manabou_kanji[],6,0),"") | T100: =IFERROR(VLOOKUP($L100&"_"&AE100,Final_manabou_kanji[],6,0),"") | W100: =IF(V100="",$W99,$V100) -> 6章1課 | X100: =IF($V100="",X99+8,X$1) -> 17 | Y100: =IF($V100="",Y99+8,Y$1) -> 18 | Z100: =IF($V100="",Z99+8,Z$1) -> 19 | AA100: =IF($V100="",AA99+8,AA$1) -> 20 | AB100: =IF($V100="",AB99+8,AB$1) -> 21 | AC100: =IF($V100="",AC99+8,AC$1) -> 22 | AD100: =IF($V100="",AD99+8,AD$1) -> 23 | AE100: =IF($V100="",AE99+8,AE$1) -> 24 | AH100: 36 | AI100: =$W100&X100 -> 6章1課17 | AJ100: =$W100&Y100 -> 6章1課18 | AK100: =$W100&Z100 -> 6章1課19 | AL100: =$W100&AA100 -> 6章1課20 | AM100: =$W100&AB100 -> 6章1課21 | AN100: =$W100&AC100 -> 6章1課22 | AO100: =$W100&AD100 -> 6章1課23 | AP100: =$W100&AE100 -> 6章1課24
...

Sheet Chart_A4
C1: 1 | D1: 2 | E1: 3 | H1: Sr. No. | K1: 1 | L1: 2 | M1: 3 | S1: 1 | T1: 2 | U1: 3
A2: =IF($K2=0,$A1+1,$A1) -> 1 | B2: =$J2 -> Burmese Favourite | C2: =IFERROR( IF(AND($K2=0,K3=1),VLOOKUP($B2&"_"&K2,Raw_data_N2_Kanji[[Receipe no]:[Raw]],2,0), IF(AND($K2=0,K3<>1),"", VLOOKUP($B2&"_"&K2,Raw_data_N2_Kanji[[Receipe no]:[Raw]],2,0))), "") -> If there is a national food to symbolize Myanmar, it would be Mone1 Hin3 Kha3. Mone1 Hin3 Kha3 is a kind of fish gravy soup eaten with fermented rice noodle. The following table shows items that can be garnished on top of the rice noodle. | H2: =ROW()-ROW(Index[[#Headers],[Sr. No.]]) -> 1 | I2: =IFERROR(HLOOKUP(Index[[#This Row],[Sr. No.]],Table!$5:$6,2,0),"") -> Burmese Favourite | J2: =IF(I2="",$J1,$I2) -> Burmese Favourite | K2: =IF($I2<>"",0, IF($K1=0,K$1, IF($I2="",K1+3,K$1))) -> 0 | L2: =IF($I2<>"",0, IF($K1=0,L$1, IF($I2="",L1+3,L$1))) -> 0 | M2: =IF($I2<>"",0, IF($K1=0,M$1, IF($I2="",M1+3,M$1))) -> 0 | P2: =IF($I2<>"",VLOOKUP($J2,$R:$U,4,0),"") -> 13 | Q2: =IF($I2="","",COUNTIF(Raw_data_N2_Kanji[Lecture_no],$B2)-1) -> 12 | R2: =IF($I3="","",$J2) | S2: =IF($I2="",K1+4,K$1) -> 1 | T2: =IF($I2="",L1+4,L$1) -> 2 | U2: =IF($I2="",M1+4,M$1) -> 3
